address_full,street,house_number,postal_code,city,sale_price,ask_price,sale_date,list_date,delist_date,transport_date,days_on_market,area_m2,rooms,bedrooms,bathrooms,toilets,year_built,type,subtype,energy_label,maintenance_inside,maintenance_outside,vve_monthly_fee,has_garden,garden_type,garden_area_m2,has_balcony,has_terrace,outdoor_text,heating,hot_water,has_lift,floor,has_storage,has_parking,has_garage,garage_type,notes,source_file,lat,lng
"Prinsengracht 526 3, 1017 KJ Amsterdam",Prinsengracht,526 3,1017KJ,Amsterdam,1350000.0,1350000.0,,2025-02-20,,,264.0,153.0,4.0,2.0,1.0,,1895.0,Appartement,Bovenwoning,,Goed,Goed,311.0,False,,,True,True,,C.V.-Ketel,C.V.-Ketel,False,,True,True,False,Geen garage,,C:\Users\meesv\Downloads\Selectie-10112025_1552 (2).rtf,,
"Laurierstraat 24 H, 1016 PM Amsterdam",Laurierstraat,24 H,1016PM,Amsterdam,710000.0,730000.0,,2024-04-05,2024-08-26,2024-08-20,62.0,105.0,3.0,2.0,1.0,,1871.0,Appartement,Benedenwoning,D,Matig,Matig,50.0,True,Patio,,False,False,,C.V.-Ketel,C.V.-Ketel,False,,True,True,False,Geen garage,,C:\Users\meesv\Downloads\Selectie-09112025_1403.rtf,,
"Zoomstraat 50 2, 1078 XL Amsterdam",Zoomstraat,50 2,1078XL,Amsterdam,1030000.0,995000.0,,2025-04-14,2025-05-23,2025-07-11,36.0,115.0,4.0,2.0,1.0,,1930.0,Appartement,Bovenwoning,E,Goed,Goed,261.44,False,Geen tuin,,True,True,,C.V.-Ketel,C.V.-Ketel,False,,True,True,False,Geen garage,,C:\Users\meesv\Downloads\Selectie-10112025_1510 (4).rtf,,
"Lijnbaansgracht 188 H, 1016 XA Amsterdam",Lijnbaansgracht,188 H,1016XA,Amsterdam,625000.0,600000.0,,2025-01-20,2025-05-07,2025-05-07,82.0,64.0,4.0,2.0,1.0,,1944.0,Appartement,Benedenwoning,C,Goed,Goed,100.0,True,Patio,,False,False,,C.V.-Ketel,C.V.-Ketel,False,,True,True,False,Geen garage,,C:\Users\meesv\Downloads\Realworks bestanden\Selectie-22102025_1221.rtf,,
"Berkelstraat 15 1, 1078 CV Amsterdam",Berkelstraat,15 1,1078CV,Amsterdam,492000.0,475000.0,,2024-11-25,2025-02-10,2025-05-24,78.0,63.0,3.0,2.0,,,1925.0,Appartement,,C,Goed,Goed,193.0,False,Geen tuin,,True,False,,,,False,,True,True,False,Geen garage,,C:\Users\meesv\Downloads\Selectie-09112025_0825 (2).rtf,,
"Laurierstraat 74 2, 1016 PN Amsterdam",Laurierstraat,74 2,1016PN,Amsterdam,434500.0,420000.0,,2025-06-24,2025-10-15,2025-10-02,63.0,47.0,2.0,1.0,1.0,,1884.0,Appartement,Bovenwoning,C,Goed,Goed,35.0,False,Geen tuin,,False,False,,C.V.-Ketel,C.V.-Ketel,False,,True,True,False,Geen garage,,C:\Users\meesv\Downloads\Selectie-09112025_1403.rtf,,
"Tuinstraat 235 B, 1015 PD Amsterdam",Tuinstraat,235 B,1015PD,Amsterdam,525000.0,500000.0,,2024-09-11,2024-12-08,2025-01-03,62.0,56.0,2.0,1.0,1.0,,1987.0,Appartement,Bovenwoning,A,Goed,Goed,123.16,False,Geen tuin,,True,True,,C.V.-Ketel,C.V.-Ketel,False,,True,True,False,Geen garage,,C:\Users\meesv\Downloads\Selectie-18102025_1507.rtf,,
"Hazenstraat 15 3, 1016 SM Amsterdam",Hazenstraat,15 3,1016SM,Amsterdam,407000.0,400000.0,,2025-06-27,2025-08-05,2025-08-29,35.0,37.0,2.0,1.0,1.0,,1933.0,Appartement,Bovenwoning,G,Goed,Goed,213.0,False,Geen tuin,,False,False,,C.V.-Ketel,C.V.-Ketel,False,,True,True,False,Geen garage,,C:\Users\meesv\Downloads\Selectie-09112025_0800.rtf,,
"Keizersgracht 515 P, 1017 DN Amsterdam",Keizersgracht,515 P,1017DN,Amsterdam,600000.0,600000.0,,2025-06-17,,,147.0,62.0,2.0,1.0,1.0,,1970.0,Appartement,Bovenwoning,,Goed,Goed,153.52,False,Geen tuin,,False,True,,C.V.-Ketel,C.V.-Ketel,False,,True,True,False,Geen garage,,C:\Users\meesv\Downloads\Selectie-10112025_1552 (1).rtf,,
"Keizersgracht 138 C, 1015 CW Amsterdam",Keizersgracht,138 C,1015CW,Amsterdam,685000.0,685000.0,,2025-10-09,,,47.0,74.0,3.0,1.0,1.0,,1730.0,Appartement,Bovenwoning,C,Goed,Goed,183.0,False,Geen tuin,,False,False,,C.V.-Ketel,C.V.-Ketel,False,,True,True,False,Geen garage,,C:\Users\meesv\Downloads\Selectie-10112025_1552 (1).rtf,,
"Lijnbaansgracht 118 3V, 1016 VV Amsterdam",Lijnbaansgracht,118 3V,1016VV,Amsterdam,817118.0,725000.0,,2025-01-16,2025-03-13,2025-03-13,28.0,110.0,4.0,3.0,1.0,,1884.0,Appartement,Bovenwoning,C,Goed,Goed,,False,Geen tuin,,True,True,,C.V.-Ketel,C.V.-Ketel,False,,True,True,False,Geen garage,,C:\Users\meesv\Downloads\Realworks bestanden\Selectie-22102025_1221.rtf,,
"Elandsgracht 97 H, 1016 TS Amsterdam",Elandsgracht,97 H,1016TS,Amsterdam,515000.0,450000.0,,2025-05-01,2025-07-16,2025-07-16,27.0,48.0,3.0,1.0,1.0,,1939.0,Appartement,Bovenwoning,,Goed,Goed,145.8,False,Geen tuin,,True,True,,C.V.-Ketel,C.V.-Ketel,False,,True,True,False,Geen garage,,C:\Users\meesv\Downloads\Realworks bestanden\Selectie-22102025_1210.rtf,,
"Jekerstraat 77 3, 1078 MB Amsterdam",Jekerstraat,77 3,1078MB,Amsterdam,738000.0,750000.0,,2024-11-25,2025-01-17,2025-04-01,30.0,78.0,3.0,2.0,1.0,,1927.0,Appartement,Bovenwoning,E,Uitstekend,Goed,161.44,False,Geen tuin,,True,True,,C.V.-Ketel,C.V.-Ketel,False,,True,True,False,Geen garage,,C:\Users\meesv\Downloads\Selectie-10112025_2103 (1).rtf,,
"Prinsengracht 334 E, 1016 HZ Amsterdam",Prinsengracht,334 E,1016HZ,Amsterdam,425000.0,425000.0,,2025-09-04,,,68.0,42.0,3.0,2.0,1.0,,1750.0,Appartement,Bovenwoning,C,Goed,Goed,,False,Geen tuin,,False,False,,C.V.-Ketel,C.V.-Ketel,False,,True,True,False,Geen garage,,C:\Users\meesv\Downloads\Selectie-10112025_1552 (2).rtf,,
"Keizersgracht 515 D, 1017 DN Amsterdam",Keizersgracht,515 D,1017DN,Amsterdam,595000.0,595000.0,,2025-06-02,,,162.0,57.0,2.0,1.0,1.0,,1909.0,Appartement,Bovenwoning,C,Uitstekend,Uitstekend,137.31,False,Geen tuin,,False,False,,,,False,,True,True,False,Geen garage,,C:\Users\meesv\Downloads\Selectie-10112025_1552 (1).rtf,,
"Lijnbaansgracht 226, 1017 PH Amsterdam",Lijnbaansgracht,226,1017PH,Amsterdam,480000.0,450000.0,,2024-11-22,2025-02-18,2025-02-24,60.0,51.0,3.0,2.0,1.0,,1981.0,Appartement,Bovenwoning,B,Goed,Goed,234.38,False,Geen tuin,,True,True,,C.V.-Ketel,C.V.-Ketel,False,,True,True,False,Geen garage,,C:\Users\meesv\Downloads\Realworks bestanden\Selectie-22102025_1221.rtf,,
"Passeerdersstraat 61 A, 1016 XB Amsterdam",Passeerdersstraat,61 A,1016XB,Amsterdam,695000.0,665000.0,,2024-09-12,2025-02-08,2025-02-10,133.0,76.0,3.0,2.0,1.0,,2000.0,Appartement,Bovenwoning,A,Goed,Goed,208.0,False,Geen tuin,,False,True,,C.V.-Ketel,C.V.-Ketel,False,,True,True,False,Geen garage,,C:\Users\meesv\Downloads\Selectie-09112025_1402 (3).rtf,,
"Keizersgracht 74 K, 1015 CT Amsterdam",Keizersgracht,74 K,1015CT,Amsterdam,2000000.0,2000000.0,,2025-01-29,,,381.0,237.0,3.0,2.0,2.0,2.0,1625.0,Appartement,Benedenwoning,,Uitstekend,Uitstekend,216.0,False,,,False,False,,C.V.-Ketel,C.V.-Ketel,False,,True,True,False,Geen garage,,C:\Users\meesv\Downloads\Selectie-10112025_1552 (1).rtf,,
"Elandsgracht 144 3, 1016 VC Amsterdam",Elandsgracht,144 3,1016VC,Amsterdam,486500.0,400000.0,,2024-11-22,2025-01-08,2025-02-28,20.0,49.0,3.0,2.0,1.0,,1913.0,Appartement,Bovenwoning,C,Goed,Goed,125.0,False,Geen tuin,,False,False,,C.V.-Ketel,C.V.-Ketel,False,,True,True,False,Geen garage,,C:\Users\meesv\Downloads\Realworks bestanden\Selectie-22102025_1210.rtf,,
"Herengracht 116 C, 1015 BT Amsterdam",Herengracht,116 C,1015BT,Amsterdam,2250000.0,2250000.0,,2025-07-09,,,190.0,264.0,5.0,4.0,2.0,,1726.0,Appartement,,B,Goed,Goed,335.0,True,Achtertuin,135.0,False,False,,C.V.-Ketel,C.V.-Ketel,False,,True,True,False,Geen garage,,C:\Users\meesv\Downloads\Selectie-10112025_1552 (3).rtf,,
"Falckstraat 31 C, 1017 VV Amsterdam",Falckstraat,31 C,1017VV,Amsterdam,765000.0,750000.0,,2025-04-17,2025-07-07,2025-07-08,49.0,57.0,3.0,2.0,1.0,,1906.0,Appartement,Bovenwoning,A,Uitstekend,Uitstekend,,False,Geen tuin,,True,True,,C.V.-Ketel,C.V.-Ketel,False,,True,True,False,Geen garage,,C:\Users\meesv\Downloads\Selectie-10112025_1606 (1).rtf,,
"Keizersgracht 735 3, 1017 DZ Amsterdam",Keizersgracht,735 3,1017DZ,Amsterdam,1150000.0,1150000.0,,2025-10-23,,,19.0,115.0,4.0,2.0,1.0,,1906.0,Appartement,Bovenwoning,,Goed,Goed,,False,Geen tuin,,False,True,,C.V.-Ketel,C.V.-Ketel,False,,True,True,False,Geen garage,,C:\Users\meesv\Downloads\Selectie-10112025_1552 (1).rtf,,
"Berkelstraat 17 3, 1078 CV Amsterdam",Berkelstraat,17 3,1078CV,Amsterdam,680000.0,700000.0,,2025-04-16,2025-05-19,2025-07-01,22.0,99.0,5.0,5.0,2.0,,1922.0,Appartement,Bovenwoning,C,Matig,Matig,67.0,False,Geen tuin,,True,True,,C.V.-Ketel,C.V.-Ketel,False,,True,True,False,Geen garage,,C:\Users\meesv\Downloads\Selectie-09112025_0825 (2).rtf,,
"Deurloostraat 49 1, 1078 HT Amsterdam",Deurloostraat,49 1,1078HT,Amsterdam,650000.0,625000.0,,2024-12-03,2025-02-18,2025-02-04,32.0,87.0,3.0,2.0,1.0,,1928.0,Appartement,Bovenwoning,C,Redelijk,Goed,162.87,False,Geen tuin,,True,True,,C.V.-Ketel,C.V.-Ketel,False,,True,True,False,Geen garage,,C:\Users\meesv\Downloads\Selectie-10112025_2049 (1).rtf,,
"Diezestraat 11 H, 1078 JL Amsterdam",Diezestraat,11 H,1078JL,Amsterdam,1205000.0,975000.0,,2024-11-15,2025-01-24,2025-01-30,27.0,100.0,4.0,2.0,1.0,,1929.0,Appartement,Benedenwoning,D,Goed,Goed,190.24,True,Achtertuin,58.0,False,False,,C.V.-Ketel,C.V.-Ketel,False,,True,True,False,Geen garage,,C:\Users\meesv\Downloads\Selectie-09112025_0826.rtf,,
"Herengracht 611 1A, 1017 CE Amsterdam",Herengracht,611 1A,1017CE,Amsterdam,575000.0,575000.0,,2025-10-14,,,28.0,64.0,2.0,1.0,1.0,,1670.0,Appartement,Benedenwoning,E,Goed,Goed,185.2,False,Geen tuin,,False,False,,C.V.-Ketel,C.V.-Ketel,False,,True,True,False,Geen garage,,C:\Users\meesv\Downloads\Selectie-10112025_1552 (3).rtf,,
"Elandsgracht 57 F, 1016 TN Amsterdam",Elandsgracht,57 F,1016TN,Amsterdam,535000.0,475000.0,,2025-03-13,2025-04-08,2025-04-16,27.0,50.0,2.0,1.0,1.0,,1906.0,Appartement,Bovenwoning,D,Goed,Goed,188.0,False,Geen tuin,,True,True,,C.V.-Ketel,C.V.-Ketel,False,,True,True,False,Geen garage,,C:\Users\meesv\Downloads\Realworks bestanden\Selectie-22102025_1210.rtf,,
"Lijnbaansgracht 204 A1, 1016 XA Amsterdam",Lijnbaansgracht,204 A1,1016XA,Amsterdam,710000.0,750000.0,,2025-06-10,2025-09-26,2025-10-09,91.0,96.0,3.0,2.0,2.0,,1901.0,Appartement,Bovenwoning,B,Goed,Goed,160.0,True,Patio,,False,False,,,,False,,True,True,False,Geen garage,,C:\Users\meesv\Downloads\Realworks bestanden\Selectie-22102025_1221.rtf,,
"Deurloostraat 111 H, 1078 HW Amsterdam",Deurloostraat,111 H,1078HW,Amsterdam,1025000.0,995000.0,,2025-08-28,2025-10-21,2025-10-31,34.0,85.0,3.0,2.0,1.0,,1929.0,Appartement,Benedenwoning,D,Goed,Goed,188.02,True,Achtertuin,60.0,False,False,,C.V.-Ketel,C.V.-Ketel,False,,True,True,False,Geen garage,,C:\Users\meesv\Downloads\Selectie-10112025_2049 (1).rtf,,
"Keizersgracht 643 E, 1017 DT Amsterdam",Keizersgracht,643 E,1017DT,Amsterdam,1150000.0,1150000.0,,2025-10-03,,,39.0,104.0,4.0,2.0,1.0,,1690.0,Appartement,Bovenwoning,,Uitstekend,Uitstekend,443.67,False,Geen tuin,,False,False,,C.V.-Ketel,C.V.-Ketel,False,,True,True,False,Geen garage,,C:\Users\meesv\Downloads\Selectie-10112025_1552 (1).rtf,,
"Lijnbaansgracht 351 1, 1017 XB Amsterdam",Lijnbaansgracht,351 1,1017XB,Amsterdam,497500.0,450000.0,,2024-11-22,2025-01-22,2025-01-27,46.0,48.0,2.0,1.0,1.0,,1959.0,Appartement,Bovenwoning,E,Goed,Goed,129.0,False,Geen tuin,,True,True,,C.V.-Ketel,C.V.-Ketel,False,,True,True,False,Geen garage,,C:\Users\meesv\Downloads\Realworks bestanden\Selectie-22102025_1221.rtf,,
"Utrechtsedwarsstraat 17 A, 1017 WB Amsterdam",Utrechtsedwarsstraat,17 A,1017WB,Amsterdam,720000.0,750000.0,,2025-06-16,2025-10-07,2025-10-24,108.0,81.0,3.0,2.0,2.0,2.0,1779.0,Appartement,Benedenwoning,A,Uitstekend,Goed,154.0,True,Patio,,False,True,,C.V.-Ketel,C.V.-Ketel,False,,True,True,False,Geen garage,,C:\Users\meesv\Downloads\Selectie-10112025_1606 (2).rtf,,
"Lijnbaansgracht 210 L, 1016 XA Amsterdam",Lijnbaansgracht,210 L,1016XA,Amsterdam,1037500.0,1100000.0,,2024-10-22,2025-04-29,2025-04-28,127.0,119.0,3.0,2.0,3.0,2.0,1991.0,Appartement,,C,Goed,Goed,309.01,False,,,False,True,,C.V.-Ketel,C.V.-Ketel,False,,True,True,False,Geen garage,,C:\Users\meesv\Downloads\Realworks bestanden\Selectie-22102025_1221.rtf,,
"Eerste Looiersdwarsstraat 26 B, 1016 VM Amsterdam",Eerste Looiersdwarsstraat,26 B,1016VM,Amsterdam,640000.0,640000.0,,2025-10-01,,,27.0,72.0,3.0,2.0,1.0,,1998.0,Appartement,,A,Goed,Goed,157.57,False,Geen tuin,,True,True,,C.V.-Ketel,C.V.-Ketel,False,,True,True,False,Geen garage,,C:\Users\meesv\Downloads\Selectie-27102025_1750 (1).rtf,,
"Lauriergracht 168 2, 1016 RV Amsterdam",Lauriergracht,168 2,1016RV,Amsterdam,500000.0,450000.0,,2025-01-31,2025-04-21,2025-06-12,32.0,47.0,2.0,1.0,1.0,,1935.0,Appartement,Bovenwoning,F,Goed,Goed,113.75,False,Geen tuin,,True,True,,C.V.-Ketel,C.V.-Ketel,False,,True,True,False,Geen garage,,C:\Users\meesv\Downloads\Realworks bestanden\Selectie-22102025_1218.rtf,,
"Geleenstraat 46 2, 1078 LG Amsterdam",Geleenstraat,46 2,1078LG,Amsterdam,868000.0,895000.0,,2025-08-19,2025-09-20,2026-01-07,24.0,113.0,4.0,3.0,1.0,,1944.0,Appartement,Bovenwoning,,Matig,Redelijk,179.47,False,Geen tuin,,True,True,,C.V.-Ketel,,False,,True,True,False,Geen garage,,C:\Users\meesv\Downloads\Selectie-10112025_2051 (1).rtf,,
"Prinsengracht 197 A, 1015 DT Amsterdam",Prinsengracht,197 A,1015DT,Amsterdam,650000.0,650000.0,,2025-10-27,,,15.0,74.0,2.0,1.0,1.0,,1906.0,Appartement,Bovenwoning,,Redelijk,Redelijk,,False,Geen tuin,,False,False,,C.V.-Ketel,C.V.-Ketel,False,,True,True,False,Geen garage,,C:\Users\meesv\Downloads\Selectie-10112025_1552 (2).rtf,,
"Prinsengracht 495 H, 1016 HR Amsterdam",Prinsengracht,495 H,1016HR,Amsterdam,1500000.0,1500000.0,,2024-11-13,,,363.0,175.0,4.0,2.0,2.0,2.0,1882.0,Appartement,Bovenwoning,,Goed,Goed,188.0,True,Patio,,False,True,,C.V.-Ketel,C.V.-Ketel,False,,True,True,False,Geen garage,,C:\Users\meesv\Downloads\Selectie-10112025_1552 (2).rtf,,
"Schipbeekstraat 9 2, 1078 BK Amsterdam",Schipbeekstraat,9 2,1078BK,Amsterdam,487083.0,475000.0,,2025-09-12,2025-10-29,2025-11-05,29.0,50.0,3.0,2.0,1.0,,1926.0,Appartement,Bovenwoning,D,Goed,Goed,129.63,False,Geen tuin,,False,False,,C.V.-Ketel,C.V.-Ketel,False,,True,True,False,Geen garage,,C:\Users\meesv\Downloads\Selectie-09112025_0825.rtf,,
"Lijnbaansgracht 213 3, 1016 XJ Amsterdam",Lijnbaansgracht,213 3,1016XJ,Amsterdam,595000.0,500000.0,,2025-05-07,2025-06-25,2025-06-26,27.0,55.0,3.0,2.0,1.0,,1940.0,Appartement,Portiek,D,Goed,Goed,,False,Geen tuin,,True,True,,C.V.-Ketel,C.V.-Ketel,False,,True,True,False,Geen garage,,C:\Users\meesv\Downloads\Realworks bestanden\Selectie-22102025_1221.rtf,,
"Laurierstraat 189 1, 1016 PL Amsterdam",Laurierstraat,189 1,1016PL,Amsterdam,1160552.0,995000.0,,2024-01-19,2024-02-19,2024-03-15,27.0,140.0,5.0,4.0,2.0,2.0,1930.0,Appartement,Bovenwoning,D,Goed,Goed,444.0,False,Geen tuin,,True,True,,C.V.-Ketel,C.V.-Ketel,False,,True,True,False,Geen garage,,C:\Users\meesv\Downloads\Selectie-09112025_1403.rtf,,
"Prinsengracht 801 2, 1017 KA Amsterdam",Prinsengracht,801 2,1017KA,Amsterdam,530000.0,530000.0,,2025-09-17,,,55.0,49.0,2.0,1.0,1.0,,1906.0,Appartement,Bovenwoning,D,Goed,Goed,,False,Geen tuin,,False,False,,C.V.-Ketel,,False,,True,True,False,Geen garage,,C:\Users\meesv\Downloads\Selectie-10112025_1552 (2).rtf,,
"Schipbeekstraat 7 1, 1078 BK Amsterdam",Schipbeekstraat,7 1,1078BK,Amsterdam,530000.0,450000.0,,2025-04-29,2025-07-14,2025-07-01,23.0,53.0,3.0,2.0,1.0,,1926.0,Appartement,Bovenwoning,C,Goed,Goed,135.59,False,Geen tuin,,True,True,,C.V.-Ketel,C.V.-Ketel,False,,True,True,False,Geen garage,,C:\Users\meesv\Downloads\Selectie-09112025_0825.rtf,,
"Prinsengracht 200 A, 1016 HD Amsterdam",Prinsengracht,200 A,1016HD,Amsterdam,1880027.0,1880027.0,,2025-06-24,,,140.0,221.0,5.0,4.0,2.0,2.0,2014.0,Appartement,Benedenwoning,A,Goed,Goed,502.16,True,Achtertuin,46.0,False,False,,C.V.-Ketel,C.V.-Ketel,False,,True,True,False,Geen garage,,C:\Users\meesv\Downloads\Selectie-10112025_1552 (2).rtf,,
"Biesboschstraat 19 2, 1078 ML Amsterdam",Biesboschstraat,19 2,1078ML,Amsterdam,1012500.0,975000.0,,2025-01-28,2025-03-27,2025-03-25,38.0,132.0,7.0,4.0,2.0,,1930.0,Appartement,Bovenwoning,B,Goed,Goed,225.0,False,Geen tuin,,True,True,,C.V.-Ketel,C.V.-Ketel,False,,True,True,False,Geen garage,,C:\Users\meesv\Downloads\Selectie-10112025_1511.rtf,,
"Tuinstraat 177 3, 1015 PB Amsterdam",Tuinstraat,177 3,1015PB,Amsterdam,830000.0,845000.0,,2024-10-17,2025-02-03,2025-03-28,50.0,92.0,4.0,2.0,1.0,,1934.0,Appartement,Bovenwoning,F,Goed,Goed,192.17,False,Geen tuin,,True,True,,C.V.-Ketel,C.V.-Ketel,False,,True,True,False,Geen garage,,C:\Users\meesv\Downloads\Selectie-18102025_1507.rtf,,
"Keizersgracht 645 B, 1017 DT Amsterdam",Keizersgracht,645 B,1017DT,Amsterdam,775000.0,775000.0,,2025-11-07,,,4.0,68.0,2.0,1.0,1.0,,1860.0,Appartement,,,Goed,Goed,285.0,False,Geen tuin,,False,True,,,C.V.-Ketel,False,,True,True,False,Geen garage,,C:\Users\meesv\Downloads\Selectie-10112025_1552 (1).rtf,,
"Lijnbaansgracht 347 3, 1017 XB Amsterdam",Lijnbaansgracht,347 3,1017XB,Amsterdam,472000.0,450000.0,,2025-02-24,2025-04-17,2025-05-09,25.0,39.0,3.0,2.0,1.0,,1857.0,Appartement,Bovenwoning,D,Goed,Goed,225.0,False,Geen tuin,,False,False,,C.V.-Ketel,C.V.-Ketel,False,,True,True,False,Geen garage,,C:\Users\meesv\Downloads\Realworks bestanden\Selectie-22102025_1221.rtf,,
"Oude Looiersstraat 59 H, 1016 VH Amsterdam",Oude Looiersstraat,59 H,1016VH,Amsterdam,1210000.0,1275000.0,,2024-09-25,2025-02-10,2025-02-28,59.0,151.0,7.0,4.0,1.0,,1935.0,Woonhuis,,G,Goed,Goed,,False,Geen tuin,,True,True,,C.V.-Ketel,,False,,True,True,False,Geen garage,,C:\Users\meesv\Downloads\Selectie-09112025_1400.rtf,,
"Hazenstraat 12, 1016 SP Amsterdam",Hazenstraat,12,1016SP,Amsterdam,1170000.0,1000000.0,,2024-07-11,2024-11-15,2024-10-08,26.0,131.0,3.0,2.0,1.0,,1818.0,Woonhuis,,D,Redelijk,Redelijk,,True,Voortuin,,False,False,,C.V.-Ketel,C.V.-Ketel,False,,True,True,False,Geen garage,,C:\Users\meesv\Downloads\Selectie-09112025_1401 (2).rtf,,
"Keizersgracht 2 H, 1015 CN Amsterdam",Keizersgracht,2 H,1015CN,Amsterdam,2000000.0,2000000.0,,2025-07-31,,,103.0,235.0,8.0,4.0,1.0,,1906.0,Woonhuis,,,Redelijk,Redelijk,,True,Achtertuin,6.0,True,True,,C.V.-Ketel,C.V.-Ketel,False,,True,True,False,Geen garage,,C:\Users\meesv\Downloads\Selectie-10112025_1552 (1).rtf,,
"Prinsengracht 422 2, 1016 JC Amsterdam",Prinsengracht,422 2,1016JC,Amsterdam,945000.0,945000.0,,2025-07-02,,,132.0,106.0,5.0,3.0,1.0,,1906.0,Appartement,Bovenwoning,,Goed,Goed,348.36,False,Geen tuin,,False,False,,C.V.-Ketel,C.V.-Ketel,False,,True,True,False,Geen garage,,C:\Users\meesv\Downloads\Selectie-10112025_1552 (2).rtf,,
"Prinsengracht 15 K, 1015 DK Amsterdam",Prinsengracht,15 K,1015DK,Amsterdam,540000.0,540000.0,,2025-10-16,,,26.0,42.0,2.0,1.0,1.0,,1970.0,Woonhuis,,C,Redelijk,Redelijk,,False,Geen tuin,,False,False,,C.V.-Ketel,C.V.-Ketel,False,,True,True,False,Geen garage,,C:\Users\meesv\Downloads\Selectie-10112025_1552 (2).rtf,,
"Eerste Looiersdwarsstraat 11 1, 1016 VL Amsterdam",Eerste Looiersdwarsstraat,11 1,1016VL,Amsterdam,1250000.0,1250000.0,,2025-09-16,,,42.0,152.0,7.0,5.0,2.0,2.0,1860.0,Appartement,Bovenwoning,E,Goed,Goed,100.0,False,Geen tuin,,False,True,,C.V.-Ketel,C.V.-Ketel,False,,True,True,False,Geen garage,,C:\Users\meesv\Downloads\Selectie-27102025_1750 (1).rtf,,
"Keizersgracht 129 A, 1015 CJ Amsterdam",Keizersgracht,129 A,1015CJ,Amsterdam,1150000.0,1150000.0,,2025-07-25,,,237.0,152.0,2.0,1.0,,,1880.0,Appartement,Benedenwoning,,Matig,Redelijk,312.5,True,Achtertuin,53.0,False,False,,C.V.-Ketel,C.V.-Ketel,False,,True,True,False,,,C:\Users\meesv\Downloads\Selectie-10112025_1552 (1).rtf,,
"Lauriergracht 47 T, 1016 RG Amsterdam",Lauriergracht,47 T,1016RG,Amsterdam,741000.0,650000.0,,2025-01-16,2025-04-10,2025-03-06,22.0,80.0,2.0,1.0,1.0,,1923.0,Appartement,Bovenwoning,,Redelijk,Goed,270.0,False,,,True,True,,C.V.-Ketel,C.V.-Ketel,False,,True,True,False,Geen garage,,C:\Users\meesv\Downloads\Realworks bestanden\Selectie-22102025_1218.rtf,,
"Prinsengracht 170 3, 1016 HA Amsterdam",Prinsengracht,170 3,1016HA,Amsterdam,700000.0,700000.0,,2025-09-25,,,47.0,66.0,2.0,1.0,1.0,2.0,1910.0,Appartement,Bovenwoning,D,Goed,Goed,150.0,False,Geen tuin,,True,True,,C.V.-Ketel,C.V.-Ketel,False,,True,True,False,Geen garage,,C:\Users\meesv\Downloads\Selectie-10112025_1552 (2).rtf,,
"Passeerdersstraat 1 1, 1016 XB Amsterdam",Passeerdersstraat,1 1,1016XB,Amsterdam,640000.0,625000.0,,2024-05-12,2024-07-13,2024-08-22,33.0,63.0,4.0,3.0,2.0,2.0,1883.0,Woonhuis,,,Goed,Goed,,False,Geen tuin,,False,False,,C.V.-Ketel,C.V.-Ketel,False,,True,True,False,Geen garage,,C:\Users\meesv\Downloads\Selectie-09112025_1402 (3).rtf,,
"Keizersgracht 758 1V, 1017 EZ Amsterdam",Keizersgracht,758 1V,1017EZ,Amsterdam,599000.0,599000.0,,2025-05-15,,,180.0,58.0,3.0,1.0,,,1930.0,Appartement,,,Uitstekend,Goed,203.95,False,,,False,True,,,elektrisch,False,,True,True,False,Geen garage,,C:\Users\meesv\Downloads\Selectie-10112025_1552 (1).rtf,,
"Keizersgracht 552 1V, 1017 EL Amsterdam",Keizersgracht,552 1V,1017EL,Amsterdam,1475000.0,1475000.0,,2025-05-21,,,174.0,138.0,4.0,3.0,2.0,2.0,1735.0,Appartement,Bovenwoning,E,Uitstekend,Uitstekend,399.0,False,Geen tuin,,False,False,,C.V.-Ketel,C.V.-Ketel,False,,True,True,False,Geen garage,,C:\Users\meesv\Downloads\Selectie-10112025_1552 (1).rtf,,
"Raamstraat 33 F, 1016 XL Amsterdam",Raamstraat,33 F,1016XL,Amsterdam,715000.0,695000.0,,2025-02-04,2025-02-24,2025-02-24,21.0,67.0,3.0,2.0,1.0,,1813.0,Appartement,,A,Uitstekend,Uitstekend,234.0,False,Geen tuin,,True,True,,,C.V.-Ketel,False,,True,True,False,Geen garage,,C:\Users\meesv\Downloads\Selectie-09112025_0800 (1).rtf,,
"Jekerstraat 14 3, 1078 MC Amsterdam",Jekerstraat,14 3,1078MC,Amsterdam,727500.0,595000.0,,2025-07-10,2025-10-15,2025-10-01,35.0,84.0,5.0,2.0,1.0,,1929.0,Appartement,Bovenwoning,F,Redelijk,Redelijk,104.17,False,Geen tuin,,True,True,,C.V.-Ketel,C.V.-Ketel,False,,True,True,False,Geen garage,,C:\Users\meesv\Downloads\Selectie-10112025_2103 (1).rtf,,
"Deurloostraat 33 1, 1078 HS Amsterdam",Deurloostraat,33 1,1078HS,Amsterdam,873333.0,750000.0,,2025-09-23,2025-10-24,2026-01-28,28.0,80.0,3.0,2.0,1.0,,1929.0,Appartement,Portiek,C,Uitstekend,Goed,,False,Geen tuin,,True,True,,C.V.-Ketel,C.V.-Ketel,False,,True,True,False,Geen garage,,C:\Users\meesv\Downloads\Selectie-10112025_2049 (1).rtf,,
"Molenbeekstraat 31 1, 1078 XB Amsterdam",Molenbeekstraat,31 1,1078XB,Amsterdam,690000.0,550000.0,,2025-01-13,2025-06-20,2025-04-25,31.0,77.0,3.0,2.0,1.0,,1930.0,Appartement,Bovenwoning,C,Redelijk,Goed,139.02,False,Geen tuin,,True,True,,C.V.-Ketel,C.V.-Ketel,False,,True,True,False,Geen garage,,C:\Users\meesv\Downloads\Selectie-09112025_0825 (1).rtf,,
"Utrechtsestraat 88 B, 1017 VR Amsterdam",Utrechtsestraat,88 B,1017VR,Amsterdam,403100.0,350000.0,,2024-12-09,2025-04-14,2025-01-16,26.0,33.0,2.0,1.0,1.0,,1842.0,Appartement,,A,Goed,Goed,,False,,,True,True,,C.V.-Ketel,C.V.-Ketel,False,,True,True,False,Geen garage,,C:\Users\meesv\Downloads\Selectie-10112025_1606 (4).rtf,,
"Biesboschstraat 89 3, 1078 MR Amsterdam",Biesboschstraat,89 3,1078MR,Amsterdam,835000.0,800000.0,,2025-04-03,2025-06-18,2025-06-18,21.0,100.0,5.0,2.0,2.0,,1930.0,Appartement,Bovenwoning,D,Goed,Goed,,False,Geen tuin,,True,True,,C.V.-Ketel,C.V.-Ketel,False,,True,True,False,Geen garage,,C:\Users\meesv\Downloads\Selectie-10112025_1511.rtf,,
"Zoomstraat 53 2, 1078 XH Amsterdam",Zoomstraat,53 2,1078XH,Amsterdam,620000.0,590000.0,,2025-03-28,2025-06-02,2025-05-23,19.0,72.0,3.0,2.0,1.0,,1930.0,Appartement,Bovenwoning,F,Goed,Goed,395.74,False,Geen tuin,,True,True,,C.V.-Ketel,C.V.-Ketel,False,,True,True,False,Geen garage,,C:\Users\meesv\Downloads\Selectie-10112025_1510 (4).rtf,,
"Prinsengracht 545 3, 1016 HS Amsterdam",Prinsengracht,545 3,1016HS,Amsterdam,899000.0,899000.0,,2025-07-15,,,119.0,120.0,4.0,2.0,2.0,2.0,1761.0,Appartement,Bovenwoning,,Goed,Goed,82.82,False,Geen tuin,,True,True,,C.V.-Ketel,C.V.-Ketel,False,,True,True,False,Geen garage,,C:\Users\meesv\Downloads\Selectie-10112025_1552 (2).rtf,,
"Victorieplein 19 2, 1079 KL Amsterdam",Victorieplein,19 2,1079KL,Amsterdam,1025000.0,950000.0,,2025-02-21,2025-03-27,2025-06-06,34.0,172.0,8.0,6.0,1.0,,1932.0,Appartement,Bovenwoning,F,Redelijk,Goed,180.0,False,Geen tuin,,True,True,,C.V.-Ketel,C.V.-Ketel,False,,True,True,False,Geen garage,,C:\Users\meesv\Downloads\Selectie-10112025_2050 (2).rtf,,
"Reguliersgracht 82 B, 1017 LV Amsterdam",Reguliersgracht,82 B,1017LV,Amsterdam,750000.0,750000.0,,2025-09-08,,,64.0,77.0,2.0,1.0,1.0,,1906.0,Appartement,Bovenwoning,,Goed,Goed,192.0,False,Geen tuin,,True,True,,C.V.-Ketel,C.V.-Ketel,False,,True,True,False,Geen garage,,C:\Users\meesv\Downloads\Selectie-10112025_1552 (4).rtf,,
"Eerste Tuindwarsstraat 8 H, 1015 RV Amsterdam",Eerste Tuindwarsstraat,8 H,1015RV,Amsterdam,1045000.0,1045000.0,,2025-07-25,2025-08-28,,35.0,123.0,5.0,3.0,1.0,,1876.0,Appartement,,E,Goed,Goed,254.1,False,Geen tuin,,False,True,,C.V.-Ketel,C.V.-Ketel,False,,True,True,False,Geen garage,,C:\Users\meesv\Downloads\Selectie-18102025_1511 (1).rtf,,
"Lijnbaansgracht 66 2, 1015 GV Amsterdam",Lijnbaansgracht,66 2,1015GV,Amsterdam,482000.0,450000.0,,2025-07-16,2025-09-04,2025-10-07,36.0,43.0,3.0,1.0,1.0,,1938.0,Appartement,Bovenwoning,E,Goed,Goed,209.0,False,Geen tuin,,True,True,,C.V.-Ketel,C.V.-Ketel,False,,True,True,False,Geen garage,,C:\Users\meesv\Downloads\Realworks bestanden\Selectie-22102025_1221.rtf,,
"Lauriergracht 47 C, 1016 RG Amsterdam",Lauriergracht,47 C,1016RG,Amsterdam,440000.0,440000.0,,2025-09-30,,,23.0,58.0,2.0,1.0,1.0,,1923.0,Appartement,Benedenwoning,A,Redelijk,Goed,,False,Geen tuin,,False,False,,C.V.-Ketel,C.V.-Ketel,False,,True,True,False,Geen garage,,C:\Users\meesv\Downloads\Realworks bestanden\Selectie-22102025_1218.rtf,,
"Keizersgracht 699 B, 1017 DW Amsterdam",Keizersgracht,699 B,1017DW,Amsterdam,1400000.0,1400000.0,,2025-10-13,,,140.0,104.0,3.0,2.0,2.0,,1690.0,Appartement,,B,Uitstekend,Goed,,False,Geen tuin,,False,False,,C.V.-Ketel,C.V.-Ketel,False,,True,True,False,Geen garage,,C:\Users\meesv\Downloads\Selectie-10112025_1552 (1).rtf,,
"Herengracht 441 B, 1017 BR Amsterdam",Herengracht,441 B,1017BR,Amsterdam,700000.0,700000.0,,2025-10-30,,,153.0,71.0,4.0,1.0,1.0,,1892.0,Appartement,Bovenwoning,C,Goed,Goed,170.0,False,,,True,True,,C.V.-Ketel,C.V.-Ketel,False,,True,True,False,Geen garage,,C:\Users\meesv\Downloads\Selectie-10112025_1552 (3).rtf,,
"Merwedeplein 46 3, 1078 NG Amsterdam",Merwedeplein,46 3,1078NG,Amsterdam,1025000.0,950000.0,,2025-02-28,2025-05-15,2025-05-06,27.0,126.0,5.0,4.0,2.0,,1931.0,Appartement,Bovenwoning,C,Goed,Goed,276.83,False,Geen tuin,,True,True,,C.V.-Ketel,C.V.-Ketel,False,,True,True,False,Geen garage,,C:\Users\meesv\Downloads\Selectie-10112025_1510 (6).rtf,,
"Laurierstraat 218 I, 1016 PT Amsterdam",Laurierstraat,218 I,1016PT,Amsterdam,480000.0,450000.0,,2024-02-08,2024-04-04,2024-04-03,21.0,43.0,2.0,1.0,1.0,,1916.0,Appartement,Bovenwoning,A,Goed,Goed,131.34,False,Geen tuin,,True,True,,C.V.-Ketel,C.V.-Ketel,False,,True,True,False,Geen garage,,C:\Users\meesv\Downloads\Selectie-09112025_1403.rtf,,
"Lijnbaansgracht 321 2, 1017 WZ Amsterdam",Lijnbaansgracht,321 2,1017WZ,Amsterdam,420000.0,390000.0,,2025-04-22,2025-06-17,2025-06-04,42.0,39.0,2.0,1.0,1.0,,1906.0,Appartement,,G,Goed,Goed,127.0,False,Geen tuin,,False,False,,,,False,,True,True,False,Geen garage,,C:\Users\meesv\Downloads\Realworks bestanden\Selectie-22102025_1221.rtf,,
"Roerstraat 93 C, 1078 LL Amsterdam",Roerstraat,93 C,1078LL,Amsterdam,825000.0,750000.0,,2024-12-03,2025-02-13,2025-02-13,22.0,74.0,3.0,2.0,1.0,,1931.0,Appartement,Benedenwoning,A,Goed,Goed,165.0,True,Achtertuin,24.0,False,False,,C.V.-Ketel,C.V.-Ketel,False,,True,True,False,Geen garage,,C:\Users\meesv\Downloads\Selectie-10112025_1511 (1).rtf,,
"Keizersgracht 444 F, 1016 GD Amsterdam",Keizersgracht,444 F,1016GD,Amsterdam,1200000.0,1200000.0,,2025-09-24,,,107.0,94.0,4.0,2.0,1.0,,1720.0,Appartement,,D,Uitstekend,Uitstekend,295.8,False,Geen tuin,,False,False,,C.V.-Ketel,C.V.-Ketel,False,,True,True,False,Geen garage,,C:\Users\meesv\Downloads\Selectie-10112025_1552 (1).rtf,,
"Tuinstraat 244, 1015 PK Amsterdam",Tuinstraat,244,1015PK,Amsterdam,405000.0,380000.0,,2024-07-11,2024-10-17,2024-10-01,64.0,39.0,1.0,1.0,1.0,,1990.0,Appartement,,C,Goed,Goed,235.39,True,Achtertuin,38.0,False,False,,C.V.-Ketel,C.V.-Ketel,False,,True,True,False,Geen garage,,C:\Users\meesv\Downloads\Selectie-18102025_1507.rtf,,
"Roerstraat 25 3, 1078 LH Amsterdam",Roerstraat,25 3,1078LH,Amsterdam,920000.0,950000.0,,2025-08-29,2025-09-30,2025-10-06,20.0,120.0,5.0,4.0,1.0,,1930.0,Appartement,Bovenwoning,F,Redelijk,Redelijk,,False,Geen tuin,,True,True,,C.V.-Ketel,C.V.-Ketel,False,,True,True,False,Geen garage,,C:\Users\meesv\Downloads\Selectie-10112025_1511 (1).rtf,,
"Rozengracht 225 D, 1016 NA Amsterdam",Rozengracht,225 D,1016NA,Amsterdam,800000.0,795000.0,,2024-11-08,2025-01-20,2025-01-20,74.0,121.0,3.0,2.0,1.0,,1996.0,Appartement,Maisonnette,C,Goed,Uitstekend,90.0,False,Geen tuin,,True,True,,C.V.-Ketel,C.V.-Ketel,False,,True,True,False,Geen garage,,C:\Users\meesv\Downloads\Realworks bestanden\Selectie-22102025_1207.rtf,,
"Laurierstraat 26 3, 1016 PM Amsterdam",Laurierstraat,26 3,1016PM,Amsterdam,464000.0,425000.0,,2024-11-08,2025-01-07,2025-01-13,33.0,58.0,3.0,2.0,1.0,,1871.0,Appartement,Bovenwoning,B,Goed,Goed,120.0,False,Geen tuin,,False,False,,C.V.-Ketel,C.V.-Ketel,False,,True,True,False,Geen garage,,C:\Users\meesv\Downloads\Selectie-09112025_1403.rtf,,
"Diezestraat 20 1, 1078 JR Amsterdam",Diezestraat,20 1,1078JR,Amsterdam,768020.0,650000.0,,2025-03-06,2025-04-18,2025-04-17,21.0,68.0,3.0,2.0,1.0,,1929.0,Appartement,,B,Uitstekend,Uitstekend,81.71,False,Geen tuin,,False,True,,C.V.-Ketel,C.V.-Ketel,False,,True,True,False,Geen garage,,C:\Users\meesv\Downloads\Selectie-09112025_0826.rtf,,
"Raamstraat 14 D, 1016 XM Amsterdam",Raamstraat,14 D,1016XM,Amsterdam,438000.0,425000.0,,2024-10-04,2024-11-26,2024-11-28,29.0,48.0,2.0,1.0,1.0,,1906.0,Appartement,Bovenwoning,D,Goed,Goed,175.0,False,Geen tuin,,True,True,,C.V.-Ketel,C.V.-Ketel,False,,True,True,False,Geen garage,,C:\Users\meesv\Downloads\Selectie-09112025_1401 (3).rtf,,
"Keizersgracht 151 G, 1015 CL Amsterdam",Keizersgracht,151 G,1015CL,Amsterdam,1200000.0,1200000.0,,2025-10-06,,,102.0,122.0,4.0,2.0,2.0,,1880.0,Appartement,Bovenwoning,B,Goed,Goed,325.0,False,,,False,True,,C.V.-Ketel,C.V.-Ketel,False,,True,True,False,Geen garage,,C:\Users\meesv\Downloads\Selectie-10112025_1552 (1).rtf,,
"Keizersgracht 87 E, 1015 CG Amsterdam",Keizersgracht,87 E,1015CG,Amsterdam,825000.0,825000.0,,2025-06-05,,,159.0,75.0,2.0,1.0,1.0,,1870.0,Appartement,Bovenwoning,,Goed,Goed,204.55,False,Geen tuin,,False,False,,C.V.-Ketel,C.V.-Ketel,False,,True,True,False,Geen garage,,C:\Users\meesv\Downloads\Selectie-10112025_1552 (1).rtf,,
"Laurierstraat 38 2, 1016 PN Amsterdam",Laurierstraat,38 2,1016PN,Amsterdam,510000.0,425000.0,,2024-05-30,2024-06-19,2024-07-15,16.0,43.0,2.0,1.0,1.0,,1899.0,Appartement,,B,Goed,Goed,65.0,False,Geen tuin,,True,True,,C.V.-Ketel,C.V.-Ketel,False,,True,True,False,Geen garage,,C:\Users\meesv\Downloads\Selectie-09112025_1403.rtf,,
"Prinsengracht 334 2, 1016 HZ Amsterdam",Prinsengracht,334 2,1016HZ,Amsterdam,495000.0,495000.0,,2025-09-04,,,68.0,53.0,3.0,2.0,1.0,,1750.0,Appartement,Bovenwoning,C,Goed,Goed,,False,Geen tuin,,False,False,,C.V.-Ketel,C.V.-Ketel,False,,True,True,False,Geen garage,,C:\Users\meesv\Downloads\Selectie-10112025_1552 (2).rtf,,
"Rozengracht 247 D, 1016 SX Amsterdam",Rozengracht,247 D,1016SX,Amsterdam,350000.0,350000.0,,2025-09-04,,,49.0,31.0,2.0,1.0,1.0,,1906.0,Appartement,Bovenwoning,A,Goed,Goed,,False,Geen tuin,,True,True,,C.V.-Ketel,C.V.-Ketel,False,,True,True,False,Geen garage,,C:\Users\meesv\Downloads\Realworks bestanden\Selectie-22102025_1207.rtf,,
"Eerste Tuindwarsstraat 5, 1015 RT Amsterdam",Eerste Tuindwarsstraat,5,1015RT,Amsterdam,525000.0,525000.0,,2024-10-31,2024-11-29,,30.0,58.0,3.0,1.0,1.0,,1981.0,Appartement,Benedenwoning,B,Goed,Goed,200.0,False,Geen tuin,,False,False,,C.V.-Ketel,C.V.-Ketel,False,,True,True,False,Geen garage,,C:\Users\meesv\Downloads\Selectie-18102025_1511 (1).rtf,,
"Prinsengracht 673 O, 1017 JT Amsterdam",Prinsengracht,673 O,1017JT,Amsterdam,650000.0,650000.0,,2025-11-04,,,7.0,100.0,2.0,1.0,1.0,,1860.0,Appartement,Benedenwoning,D,Goed,Goed,153.0,False,Geen tuin,,False,False,,C.V.-Ketel,C.V.-Ketel,False,,True,True,False,Geen garage,,C:\Users\meesv\Downloads\Selectie-10112025_1552 (2).rtf,,
"Keizersgracht 456 D, 1016 GE Amsterdam",Keizersgracht,456 D,1016GE,Amsterdam,850000.0,850000.0,,2025-08-25,,,78.0,85.0,4.0,2.0,1.0,,1680.0,Appartement,Bovenwoning,,Uitstekend,Uitstekend,140.0,False,Geen tuin,,False,False,,C.V.-Ketel,C.V.-Ketel,False,,True,True,False,Geen garage,,C:\Users\meesv\Downloads\Selectie-10112025_1552 (1).rtf,,
"Keizersgracht 643 C, 1017 DT Amsterdam",Keizersgracht,643 C,1017DT,Amsterdam,1335000.0,1335000.0,,2025-09-19,,,53.0,121.0,4.0,3.0,2.0,,1906.0,Appartement,,,Uitstekend,Uitstekend,500.48,False,Geen tuin,,False,False,,C.V.-Ketel,C.V.-Ketel,False,,True,True,False,Geen garage,,C:\Users\meesv\Downloads\Selectie-10112025_1552 (1).rtf,,
"Herengracht 193 C, 1016 BE Amsterdam",Herengracht,193 C,1016BE,Amsterdam,1050000.0,1050000.0,,2025-03-21,,,305.0,113.0,3.0,2.0,2.0,2.0,1900.0,Appartement,Maisonnette,D,Goed,Goed,,False,Geen tuin,,True,True,,C.V.-Ketel,C.V.-Ketel,False,,True,True,False,,,C:\Users\meesv\Downloads\Selectie-10112025_1552 (3).rtf,,
"Oude-IJselstraat 3 H, 1078 CL Amsterdam ",Oude-IJselstraat,3 H,1078CL,Amsterdam,471551.0,445000.0,,2025-07-23,2025-09-18,2025-10-14,28.0,55.0,2.0,1.0,1.0,,1926.0,Appartement,Benedenwoning,E,Redelijk,Redelijk,230.63,True,Achtertuin,43.0,False,False,,C.V.-Ketel,C.V.-Ketel,False,,True,True,False,Geen garage,,C:\Users\meesv\Downloads\Selectie-10112025_1510 (5).rtf,,
"Lijnbaansgracht 69 A2, 1015 GW Amsterdam",Lijnbaansgracht,69 A2,1015GW,Amsterdam,453000.0,425000.0,,2025-04-24,2025-07-11,2025-07-11,45.0,42.0,2.0,1.0,1.0,,1938.0,Appartement,Bovenwoning,C,Goed,Goed,61.0,False,Geen tuin,,True,True,,C.V.-Ketel,C.V.-Ketel,False,,True,True,False,Geen garage,,C:\Users\meesv\Downloads\Realworks bestanden\Selectie-22102025_1221.rtf,,
"Prinsengracht 38 A, 1015 DW Amsterdam",Prinsengracht,38 A,1015DW,Amsterdam,895000.0,895000.0,,2025-10-23,,,19.0,81.0,3.0,2.0,,,1981.0,Appartement,,A,Goed,Goed,359.0,False,Geen tuin,,True,True,,,,False,,True,True,False,Geen garage,,C:\Users\meesv\Downloads\Selectie-10112025_1552 (2).rtf,,
"Rozengracht 42 A, 1016 ND Amsterdam",Rozengracht,42 A,1016ND,Amsterdam,550000.0,595000.0,,2025-03-31,2025-07-14,2025-06-27,65.0,72.0,2.0,1.0,1.0,,1899.0,Appartement,Bovenwoning,D,Goed,Goed,,False,Geen tuin,,True,True,,C.V.-Ketel,C.V.-Ketel,False,,True,True,False,Geen garage,,C:\Users\meesv\Downloads\Realworks bestanden\Selectie-22102025_1207.rtf,,
"Prinsengracht 260 h, 1016 HG Amsterdam",Prinsengracht,260 h,1016HG,Amsterdam,790000.0,790000.0,,2025-10-01,,,82.0,76.0,3.0,2.0,1.0,,1959.0,Appartement,,C,Goed,Goed,236.22,False,Geen tuin,,False,True,,C.V.-Ketel,C.V.-Ketel,False,,True,True,False,Geen garage,,C:\Users\meesv\Downloads\Selectie-10112025_1552 (2).rtf,,
"Tuinstraat 248, 1015 PK Amsterdam",Tuinstraat,248,1015PK,Amsterdam,385000.0,365000.0,,2025-03-03,2025-04-18,2025-04-04,19.0,38.0,2.0,1.0,1.0,,1988.0,Appartement,Bovenwoning,A,Redelijk,Redelijk,231.5,True,Achtertuin,,True,True,,C.V.-Ketel,C.V.-Ketel,False,,True,True,False,Geen garage,,C:\Users\meesv\Downloads\Selectie-18102025_1507.rtf,,
"Lijnbaansgracht 282 1, 1017 RM Amsterdam",Lijnbaansgracht,282 1,1017RM,Amsterdam,925000.0,950000.0,,2025-05-01,2025-08-19,2025-08-29,76.0,106.0,4.0,3.0,2.0,,1724.0,Appartement,Bovenwoning,,Goed,Goed,115.0,False,Geen tuin,,False,False,,C.V.-Ketel,C.V.-Ketel,False,,True,True,False,Geen garage,,C:\Users\meesv\Downloads\Realworks bestanden\Selectie-22102025_1221.rtf,,
"Victorieplein 43, 1078 PD Amsterdam",Victorieplein,43,1078PD,Amsterdam,820000.0,800000.0,,2025-02-17,2025-04-07,2025-05-19,30.0,106.0,4.0,3.0,1.0,,1931.0,Appartement,Benedenwoning,D,Goed,Goed,352.0,False,Geen tuin,,False,False,,C.V.-Ketel,C.V.-Ketel,False,,True,True,False,Geen garage,,C:\Users\meesv\Downloads\Selectie-10112025_2050 (2).rtf,,
"Eerste Tuindwarsstraat 4 1, 1015 RV Amsterdam",Eerste Tuindwarsstraat,4 1,1015RV,Amsterdam,425000.0,395000.0,,2024-11-27,2025-01-16,2025-03-17,41.0,42.0,2.0,1.0,1.0,,1912.0,Appartement,Bovenwoning,B,Goed,Redelijk,50.0,False,Geen tuin,,True,False,,C.V.-Ketel,C.V.-Ketel,False,,True,True,False,Geen garage,,C:\Users\meesv\Downloads\Selectie-18102025_1511 (1).rtf,,
"Victorieplein 19 1, 1079 KL Amsterdam",Victorieplein,19 1,1079KL,Amsterdam,710000.0,725000.0,,2025-05-13,2025-07-07,2025-07-09,42.0,107.0,3.0,2.0,1.0,,1932.0,Appartement,Bovenwoning,F,Redelijk,Goed,118.09,False,Geen tuin,,True,True,,C.V.-Ketel,C.V.-Ketel,False,,True,True,False,Geen garage,,C:\Users\meesv\Downloads\Selectie-10112025_2050 (2).rtf,,
"Keizersgracht 391 F, 1016 EJ Amsterdam",Keizersgracht,391 F,1016EJ,Amsterdam,975000.0,975000.0,,2025-09-15,,,57.0,120.0,4.0,3.0,,,1671.0,Appartement,Bovenwoning,,Goed,Goed,162.2,False,Geen tuin,,False,True,,,,False,,True,True,False,Geen garage,,C:\Users\meesv\Downloads\Selectie-10112025_1552 (1).rtf,,
"Raamstraat 25 B, 1016 XL Amsterdam",Raamstraat,25 B,1016XL,Amsterdam,700000.0,670000.0,,2023-12-07,2024-10-24,2024-10-23,204.0,56.0,3.0,2.0,1.0,,1829.0,Appartement,Bovenwoning,A,Uitstekend,Uitstekend,,False,Geen tuin,,True,True,,C.V.-Ketel,C.V.-Ketel,False,,True,True,False,Geen garage,,C:\Users\meesv\Downloads\Selectie-09112025_1401 (3).rtf,,
"Molenbeekstraat 12 1, 1078 XD Amsterdam",Molenbeekstraat,12 1,1078XD,Amsterdam,621100.0,550000.0,,2025-03-17,2025-04-16,2025-06-20,25.0,66.0,4.0,2.0,1.0,,1931.0,Appartement,Portiek,E,Goed,Goed,150.0,False,Geen tuin,,True,True,,C.V.-Ketel,C.V.-Ketel,False,,True,True,False,Geen garage,,C:\Users\meesv\Downloads\Selectie-09112025_0825 (1).rtf,,
"Deurloostraat 51 2, 1078 HT Amsterdam",Deurloostraat,51 2,1078HT,Amsterdam,664000.0,585000.0,,2025-03-06,2025-04-10,2025-04-22,27.0,70.0,3.0,2.0,1.0,,1928.0,Appartement,Bovenwoning,C,Goed,Goed,126.0,False,Geen tuin,,False,False,,C.V.-Ketel,C.V.-Ketel,False,,True,True,False,Geen garage,,C:\Users\meesv\Downloads\Selectie-10112025_2049 (1).rtf,,
"Prinsengracht 814 F, 1017 JL Amsterdam",Prinsengracht,814 F,1017JL,Amsterdam,1030000.0,1030000.0,,2025-08-22,,,81.0,89.0,3.0,2.0,1.0,,1990.0,Appartement,Bovenwoning,C,Goed,Goed,360.0,False,Geen tuin,,True,True,,C.V.-Ketel,C.V.-Ketel,False,,True,True,False,Geen garage,,C:\Users\meesv\Downloads\Selectie-10112025_1552 (2).rtf,,
"Eerste Laurierdwarsstraat 17 A1, 1016 PV Amsterdam",Eerste Laurierdwarsstraat,17 A1,1016PV,Amsterdam,585000.0,585000.0,,2025-09-05,,,125.0,60.0,3.0,2.0,1.0,,1878.0,Appartement,Bovenwoning,C,Goed,Goed,120.0,False,Geen tuin,,False,False,,C.V.-Ketel,C.V.-Ketel,False,,True,True,False,Geen garage,,C:\Users\meesv\Downloads\Selectie-27102025_1753.rtf,,
"Keizersgracht 31 2V, 1015 CD Amsterdam",Keizersgracht,31 2V,1015CD,Amsterdam,600000.0,600000.0,,2025-04-29,,,233.0,65.0,2.0,1.0,1.0,,1628.0,Appartement,,,Goed,Goed,544.96,False,Geen tuin,,False,True,,,,False,,True,True,False,Geen garage,,C:\Users\meesv\Downloads\Selectie-10112025_1552 (1).rtf,,
"Prinsengracht 71 A, 1015 DL Amsterdam",Prinsengracht,71 A,1015DL,Amsterdam,850000.0,850000.0,,2025-10-30,,,12.0,118.0,3.0,2.0,2.0,,1906.0,Appartement,,,Goed,Redelijk,500.0,True,Achtertuin,,False,False,,C.V.-Ketel,C.V.-Ketel,False,,True,True,False,Geen garage,,C:\Users\meesv\Downloads\Selectie-10112025_1552 (2).rtf,,
"Kerkstraat 371 1, 1017 HW Amsterdam",Kerkstraat,371 1,1017HW,Amsterdam,510000.0,399000.0,,2025-03-24,2025-06-02,2025-05-26,18.0,39.0,2.0,1.0,1.0,,1939.0,Appartement,Bovenwoning,A,Goed,Goed,,False,Geen tuin,,True,True,,C.V.-Ketel,C.V.-Ketel,False,,True,True,False,Geen garage,,C:\Users\meesv\Downloads\Selectie-10112025_1606.rtf,,
"Utrechtsedwarsstraat 164, 1017 WK Amsterdam",Utrechtsedwarsstraat,164,1017WK,Amsterdam,675000.0,600000.0,,2025-05-02,2025-06-30,2025-06-26,27.0,70.0,3.0,2.0,1.0,,1988.0,Appartement,Bovenwoning,C,Redelijk,Goed,137.0,False,Geen tuin,,True,True,,C.V.-Ketel,C.V.-Ketel,False,,True,True,False,Geen garage,,C:\Users\meesv\Downloads\Selectie-10112025_1606 (2).rtf,,
"Keizersgracht 391 C, 1016 EJ Amsterdam",Keizersgracht,391 C,1016EJ,Amsterdam,699000.0,699000.0,,2025-08-26,,,77.0,72.0,3.0,2.0,1.0,,1671.0,Appartement,,,Redelijk,Redelijk,95.08,False,Geen tuin,,False,False,,,,False,,True,True,False,Geen garage,,C:\Users\meesv\Downloads\Selectie-10112025_1552 (1).rtf,,
"Lijnbaansgracht 118 1, 1016 VV Amsterdam",Lijnbaansgracht,118 1,1016VV,Amsterdam,505000.0,450000.0,,2025-06-23,2025-08-07,2025-08-06,24.0,62.0,3.0,2.0,1.0,,1884.0,Appartement,,C,Redelijk,Redelijk,144.36,False,Geen tuin,,True,False,,C.V.-Ketel,C.V.-Ketel,False,,True,True,False,Geen garage,,C:\Users\meesv\Downloads\Realworks bestanden\Selectie-22102025_1221.rtf,,
"Lijnbaansgracht 320 3, 1017 WZ Amsterdam",Lijnbaansgracht,320 3,1017WZ,Amsterdam,651000.0,575000.0,,2024-11-08,2025-01-31,2025-01-31,27.0,72.0,3.0,2.0,1.0,,1882.0,Appartement,Bovenwoning,G,Redelijk,Goed,200.0,False,Geen tuin,,False,True,,elektrisch,Elektrisch,False,,True,True,False,Geen garage,,C:\Users\meesv\Downloads\Realworks bestanden\Selectie-22102025_1221.rtf,,
"Victorieplein 41, 1078 PD Amsterdam",Victorieplein,41,1078PD,Amsterdam,1095000.0,995000.0,,2025-04-10,2025-06-30,2025-06-30,27.0,100.0,4.0,3.0,1.0,,1931.0,Appartement,Benedenwoning,,Goed,Goed,308.79,True,Achtertuin,32.0,False,False,,C.V.-Ketel,C.V.-Ketel,False,,True,True,False,Geen garage,,C:\Users\meesv\Downloads\Selectie-10112025_2050 (2).rtf,,
"Lauriergracht 126 3, 1016 RS Amsterdam",Lauriergracht,126 3,1016RS,Amsterdam,667126.0,615000.0,,2025-04-16,2025-06-26,2025-06-25,57.0,132.0,6.0,3.0,3.0,2.0,1939.0,Appartement,Bovenwoning,G,Matig,Redelijk,,False,Geen tuin,,True,True,,C.V.-Ketel,C.V.-Ketel,False,,True,True,False,Geen garage,,C:\Users\meesv\Downloads\Realworks bestanden\Selectie-22102025_1218.rtf,,
"Prinsengracht 395, 1016 HL Amsterdam",Prinsengracht,395,1016HL,Amsterdam,450000.0,450000.0,,2025-10-02,,,40.0,46.0,3.0,1.0,1.0,,1755.0,Appartement,Bovenwoning,,Goed,Goed,,False,Geen tuin,,False,False,,C.V.-Ketel,C.V.-Ketel,False,,True,True,False,Geen garage,,C:\Users\meesv\Downloads\Selectie-10112025_1552 (2).rtf,,
"Nieuwe Spiegelstraat 26 A, 1017 DG Amsterdam",Nieuwe Spiegelstraat,26 A,1017DG,Amsterdam,1200000.0,1200000.0,,2025-07-09,,,125.0,87.0,3.0,2.0,,,1692.0,Appartement,,A+,Uitstekend,Uitstekend,,False,Geen tuin,,False,False,,C.V.-Ketel,C.V.-Ketel,False,,True,True,False,Geen garage,,C:\Users\meesv\Downloads\Selectie-10112025_1552.rtf,,
"Keizersgracht 699 D, 1017 DW Amsterdam",Keizersgracht,699 D,1017DW,Amsterdam,1100000.0,1100000.0,,2025-10-13,,,140.0,81.0,4.0,3.0,1.0,,1690.0,Appartement,Bovenwoning,C,Uitstekend,Goed,,False,Geen tuin,,False,False,,C.V.-Ketel,C.V.-Ketel,False,,True,True,False,Geen garage,,C:\Users\meesv\Downloads\Selectie-10112025_1552 (1).rtf,,
"Keizersgracht 804 E, 1017 ED Amsterdam",Keizersgracht,804 E,1017ED,Amsterdam,1750000.0,1750000.0,,2025-08-26,,,167.0,188.0,4.0,3.0,2.0,2.0,1906.0,Appartement,Bovenwoning,,Goed,Goed,213.51,False,Geen tuin,,False,True,,C.V.-Ketel,C.V.-Ketel,False,,True,True,False,Geen garage,,C:\Users\meesv\Downloads\Selectie-10112025_1552 (1).rtf,,
"Prinsengracht 551, 1016 HS Amsterdam",Prinsengracht,551,1016HS,Amsterdam,1950000.0,1950000.0,,2025-10-02,,,61.0,190.0,7.0,3.0,2.0,,1670.0,Woonhuis,,,Goed,Goed,,False,Geen tuin,,False,True,,C.V.-Ketel,C.V.-Ketel,False,,True,True,False,Geen garage,,C:\Users\meesv\Downloads\Selectie-10112025_1552 (2).rtf,,
"Prinsengracht 570 1, 1017 KR Amsterdam",Prinsengracht,570 1,1017KR,Amsterdam,1825000.0,1825000.0,,2025-10-06,,,61.0,206.0,6.0,5.0,4.0,3.0,1915.0,Appartement,Bovenwoning,E,Goed,Goed,141.0,False,,,False,True,,C.V.-Ketel,C.V.-Ketel,False,,True,True,False,Geen garage,,C:\Users\meesv\Downloads\Selectie-10112025_1552 (2).rtf,,
"Lijnbaansgracht 204 3, 1016 XA Amsterdam",Lijnbaansgracht,204 3,1016XA,Amsterdam,780000.0,750000.0,,2025-06-18,2025-07-17,2025-08-22,24.0,90.0,4.0,3.0,1.0,,1901.0,Appartement,Bovenwoning,D,Goed,Goed,165.0,False,Geen tuin,,True,False,,C.V.-Ketel,C.V.-Ketel,False,,True,True,False,Geen garage,,C:\Users\meesv\Downloads\Realworks bestanden\Selectie-22102025_1221.rtf,,
"Eerste Looiersdwarsstraat 3 A, 1016 VL Amsterdam",Eerste Looiersdwarsstraat,3 A,1016VL,Amsterdam,425000.0,475000.0,,2025-01-14,2025-05-02,2025-04-25,46.0,50.0,2.0,1.0,1.0,,1984.0,Appartement,Bovenwoning,A,Redelijk,Redelijk,169.17,False,Geen tuin,,True,True,,C.V.-Ketel,C.V.-Ketel,False,,True,True,False,Geen garage,,C:\Users\meesv\Downloads\Selectie-09112025_0759 (1).rtf,,
"Eerste Tuindwarsstraat 2 B, 1015 RV Amsterdam",Eerste Tuindwarsstraat,2 B,1015RV,Amsterdam,510000.0,495000.0,,2025-01-23,2025-03-17,2025-04-07,48.0,57.0,2.0,1.0,1.0,,1905.0,Appartement,Bovenwoning,,Goed,Redelijk,227.04,False,Geen tuin,,False,False,,C.V.-Ketel,C.V.-Ketel,False,,True,True,False,Geen garage,,C:\Users\meesv\Downloads\Selectie-18102025_1511 (1).rtf,,
"Keizersgracht 120 E, 1015 CW Amsterdam",Keizersgracht,120 E,1015CW,Amsterdam,649000.0,649000.0,,2025-07-20,,,264.0,74.0,3.0,2.0,1.0,,1624.0,Appartement,Portiek,,Goed,Goed,402.62,False,Geen tuin,,False,False,,,,False,,True,True,False,Geen garage,,C:\Users\meesv\Downloads\Selectie-10112025_1552 (1).rtf,,
"Herengracht 187 B, 1016 BE Amsterdam",Herengracht,187 B,1016BE,Amsterdam,995000.0,995000.0,,2025-10-23,,,19.0,112.0,3.0,2.0,2.0,2.0,1906.0,Appartement,Maisonnette,D,Goed,Goed,429.37,False,Geen tuin,,True,True,,C.V.-Ketel,,False,,True,True,False,Geen garage,,C:\Users\meesv\Downloads\Selectie-10112025_1552 (3).rtf,,
"Herengracht 254 D, 1016 BV Amsterdam",Herengracht,254 D,1016BV,Amsterdam,1100000.0,1100000.0,,2025-08-28,,,75.0,144.0,6.0,4.0,2.0,2.0,1615.0,Appartement,Bovenwoning,,Redelijk,Goed,209.0,False,Geen tuin,,False,True,,C.V.-Ketel,C.V.-Ketel,False,,True,True,False,Geen garage,,C:\Users\meesv\Downloads\Selectie-10112025_1552 (3).rtf,,
"Diezestraat 27 2, 1078 JN Amsterdam",Diezestraat,27 2,1078JN,Amsterdam,1290272.0,1100000.0,,2025-03-10,2025-05-12,2025-08-01,29.0,133.0,5.0,4.0,2.0,2.0,1929.0,Appartement,Bovenwoning,A,Goed,Goed,226.36,False,Geen tuin,,True,True,,C.V.-Ketel,C.V.-Ketel,False,,True,True,False,Geen garage,,C:\Users\meesv\Downloads\Selectie-09112025_0826.rtf,,
"Keizersgracht 24 C, 1015 CR Amsterdam",Keizersgracht,24 C,1015CR,Amsterdam,800000.0,800000.0,,2025-09-09,,,137.0,101.0,2.0,1.0,1.0,,1800.0,Appartement,Bovenwoning,,Goed,Goed,209.0,False,Geen tuin,,True,False,,C.V.-Ketel,C.V.-Ketel,False,,True,True,False,Geen garage,,C:\Users\meesv\Downloads\Selectie-10112025_1552 (1).rtf,,
"Tuinstraat 71 3, 1015 NZ Amsterdam",Tuinstraat,71 3,1015NZ,Amsterdam,710000.0,650000.0,,2024-11-10,2025-04-28,2024-12-25,31.0,73.0,4.0,2.0,1.0,,1906.0,Appartement,Bovenwoning,E,Goed,Goed,234.65,False,Geen tuin,,False,True,,C.V.-Ketel,C.V.-Ketel,False,,True,True,False,Geen garage,,C:\Users\meesv\Downloads\Selectie-18102025_1507.rtf,,
"Niersstraat 42 1, 1078 VL Amsterdam",Niersstraat,42 1,1078VL,Amsterdam,659777.0,595000.0,,2025-05-15,2025-08-05,2025-08-05,27.0,79.0,3.0,2.0,,,1930.0,Appartement,Bovenwoning,D,Goed,Goed,336.85,False,Geen tuin,,True,True,,C.V.-Ketel,C.V.-Ketel,False,,True,True,False,Geen garage,,C:\Users\meesv\Downloads\Selectie-10112025_2050 (3).rtf,,
"Elandsgracht 59 2V, 1016 TN Amsterdam",Elandsgracht,59 2V,1016TN,Amsterdam,390000.0,350000.0,,2025-05-29,2025-07-22,2025-07-22,21.0,33.0,1.0,1.0,,,2020.0,Appartement,Bovenwoning,A,Goed,Goed,94.0,False,Geen tuin,,False,True,,C.V.-Ketel,C.V.-Ketel,False,,True,True,False,Geen garage,,C:\Users\meesv\Downloads\Realworks bestanden\Selectie-22102025_1210.rtf,,
"Keizersgracht 704 2V, 1017 EV Amsterdam",Keizersgracht,704 2V,1017EV,Amsterdam,860000.0,860000.0,,2025-09-11,,,61.0,93.0,3.0,2.0,1.0,,1703.0,Appartement,Bovenwoning,,Goed,Goed,182.0,False,Geen tuin,,False,False,,C.V.-Ketel,C.V.-Ketel,False,,True,True,False,Geen garage,,C:\Users\meesv\Downloads\Selectie-10112025_1552 (1).rtf,,
"Laurierstraat 218 3, 1016 PT Amsterdam",Laurierstraat,218 3,1016PT,Amsterdam,585000.0,585000.0,,2024-12-06,2025-02-25,2025-02-14,43.0,54.0,3.0,2.0,1.0,,1930.0,Appartement,Bovenwoning,A,Goed,Goed,129.09,False,Geen tuin,,True,True,,C.V.-Ketel,C.V.-Ketel,False,,True,True,False,Geen garage,,C:\Users\meesv\Downloads\Selectie-09112025_1403.rtf,,
"Eerste Looiersdwarsstraat 29 H, 1016 VL Amsterdam",Eerste Looiersdwarsstraat,29 H,1016VL,Amsterdam,475000.0,475000.0,,2025-09-01,,,57.0,46.0,2.0,1.0,1.0,,1775.0,Appartement,Benedenwoning,E,Goed,Goed,70.0,False,Geen tuin,,False,False,,C.V.-Ketel,C.V.-Ketel,False,,True,True,False,Geen garage,,C:\Users\meesv\Downloads\Selectie-27102025_1750 (1).rtf,,
"Oude Looiersstraat 38 2, 1016 VJ Amsterdam",Oude Looiersstraat,38 2,1016VJ,Amsterdam,775000.0,795000.0,,2024-03-22,2024-10-29,2025-02-07,215.0,90.0,3.0,2.0,1.0,,1906.0,Appartement,Bovenwoning,D,Goed,Goed,,False,Geen tuin,,False,True,,C.V.-Ketel,C.V.-Ketel,False,,True,True,False,Geen garage,,C:\Users\meesv\Downloads\Selectie-09112025_1400.rtf,,
"Zoomstraat 37 1, 1078 XH Amsterdam",Zoomstraat,37 1,1078XH,Amsterdam,850000.0,750000.0,,2025-05-16,2025-06-11,2025-07-29,18.0,78.0,3.0,2.0,2.0,,1930.0,Appartement,,C,Goed,Goed,157.0,False,,,True,True,,C.V.-Ketel,C.V.-Ketel,False,,True,True,False,Geen garage,,C:\Users\meesv\Downloads\Selectie-10112025_1510 (4).rtf,,
"Eerste Laurierdwarsstraat 20, 1016 PZ Amsterdam",Eerste Laurierdwarsstraat,20,1016PZ,Amsterdam,525000.0,525000.0,,2025-03-28,2025-04-28,,32.0,52.0,,,,,1906.0,Woonhuis,,,,,,False,,,False,False,,,,False,,False,False,False,,,C:\Users\meesv\Downloads\Realworks bestanden\Selectie-22102025_1126.rtf,,
"Keizersgracht 159 3, 1016 DP Amsterdam",Keizersgracht,159 3,1016DP,Amsterdam,475000.0,475000.0,,2025-09-08,,,64.0,39.0,2.0,1.0,1.0,,1935.0,Appartement,Bovenwoning,,Goed,Goed,90.0,False,Geen tuin,,False,False,,C.V.-Ketel,C.V.-Ketel,False,,True,True,False,Geen garage,,C:\Users\meesv\Downloads\Selectie-10112025_1552 (1).rtf,,
"Utrechtsestraat 53 B, 1017 VJ Amsterdam",Utrechtsestraat,53 B,1017VJ,Amsterdam,740535.0,625000.0,,2025-02-10,2025-03-14,2025-04-17,29.0,67.0,3.0,2.0,1.0,,1718.0,Appartement,Bovenwoning,,Goed,Goed,,False,Geen tuin,,True,True,,C.V.-Ketel,C.V.-Ketel,False,,True,True,False,Geen garage,,C:\Users\meesv\Downloads\Selectie-10112025_1606 (4).rtf,,
"Elandsgracht 84 2, 1016 TZ Amsterdam",Elandsgracht,84 2,1016TZ,Amsterdam,455000.0,429000.0,,2025-01-10,2025-02-06,2025-03-03,22.0,42.0,2.0,1.0,1.0,,1906.0,Appartement,Bovenwoning,C,Goed,Goed,,False,Geen tuin,,True,True,,Elektrisch,Elektrisch,False,,True,True,False,Geen garage,,C:\Users\meesv\Downloads\Realworks bestanden\Selectie-22102025_1210.rtf,,
"Keizersgracht 590 C, 1017 EN Amsterdam",Keizersgracht,590 C,1017EN,Amsterdam,1075000.0,1075000.0,,2025-11-03,,,62.0,114.0,3.0,2.0,2.0,,1785.0,Appartement,,,Goed,Goed,242.13,False,Geen tuin,,True,True,,C.V.-Ketel,C.V.-Ketel,False,,True,True,False,Geen garage,,C:\Users\meesv\Downloads\Selectie-10112025_1552 (1).rtf,,
"Prinsengracht 12 1, 1015 DV Amsterdam",Prinsengracht,12 1,1015DV,Amsterdam,945000.0,945000.0,,2025-09-19,,,261.0,95.0,4.0,2.0,2.0,,1906.0,Appartement,,,Goed,Goed,100.0,True,Patio,,False,True,,C.V.-Ketel,C.V.-Ketel,False,,True,True,False,Geen garage,,C:\Users\meesv\Downloads\Selectie-10112025_1552 (2).rtf,,
"Eerste Laurierdwarsstraat 15 H, 1016 PV Amsterdam",Eerste Laurierdwarsstraat,15 H,1016PV,Amsterdam,375000.0,375000.0,,2025-10-23,,,5.0,36.0,2.0,1.0,1.0,,1878.0,Appartement,Benedenwoning,D,Goed,Goed,109.0,True,Achtertuin,7.0,False,False,,C.V.-Ketel,C.V.-Ketel,False,,True,True,False,Geen garage,,C:\Users\meesv\Downloads\Selectie-27102025_1753.rtf,,
"Tweede Laurierdwarsstraat 53 1, 1016 RA Amsterdam",Tweede Laurierdwarsstraat,53 1,1016RA,Amsterdam,599000.0,599000.0,,2024-05-21,2025-08-18,2025-02-03,154.0,71.0,2.0,1.0,1.0,,1906.0,Appartement,Bovenwoning,C,Goed,Goed,80.0,False,Geen tuin,,False,True,,C.V.-Ketel,C.V.-Ketel,False,,True,True,False,Geen garage,,C:\Users\meesv\Downloads\Selectie-09112025_1401.rtf,,
"Lauriergracht 114 2, 1016 RR Amsterdam",Lauriergracht,114 2,1016RR,Amsterdam,1250000.0,1250000.0,,2024-11-26,2025-04-10,2025-05-22,134.0,109.0,4.0,3.0,2.0,2.0,1906.0,Appartement,Bovenwoning,,Goed,Goed,250.0,False,Geen tuin,,False,True,,C.V.-Ketel,C.V.-Ketel,False,,True,True,False,Geen garage,,C:\Users\meesv\Downloads\Realworks bestanden\Selectie-22102025_1218.rtf,,
"Laurierstraat 26 4, 1016 PM Amsterdam",Laurierstraat,26 4,1016PM,Amsterdam,400000.0,395000.0,,2024-11-22,2025-01-08,2025-01-13,33.0,54.0,2.0,1.0,1.0,,1871.0,Appartement,Bovenwoning,C,Goed,Goed,120.0,False,Geen tuin,,False,False,,C.V.-Ketel,C.V.-Ketel,False,,True,True,False,Geen garage,,C:\Users\meesv\Downloads\Selectie-09112025_1403.rtf,,
"Jekerstraat 110 3, 1078 MJ Amsterdam",Jekerstraat,110 3,1078MJ,Amsterdam,850000.0,799000.0,,2025-06-27,2025-08-28,2025-10-03,40.0,92.0,4.0,3.0,2.0,,1930.0,Appartement,Bovenwoning,C,Goed,Goed,175.19,False,Geen tuin,,True,True,,C.V.-Ketel,C.V.-Ketel,False,,True,True,False,Geen garage,,C:\Users\meesv\Downloads\Selectie-10112025_2103 (1).rtf,,
"Oude-IJselstraat 7 2, 1078 CL Amsterdam",Oude-IJselstraat,7 2,1078CL,Amsterdam,485000.0,425000.0,,2025-09-25,2025-11-03,2026-01-05,21.0,51.0,2.0,1.0,1.0,,1934.0,Appartement,Bovenwoning,E,Goed,Goed,239.0,False,Geen tuin,,True,True,,C.V.-Ketel,C.V.-Ketel,False,,True,True,False,Geen garage,,C:\Users\meesv\Downloads\Selectie-10112025_1510 (5).rtf,,
"Prinsengracht 236 E, 1016 HE Amsterdam",Prinsengracht,236 E,1016HE,Amsterdam,1050000.0,1050000.0,,2025-08-28,,,75.0,119.0,4.0,3.0,2.0,,1765.0,Appartement,Bovenwoning,,Goed,Goed,,False,Geen tuin,,False,True,,C.V.-Ketel,C.V.-Ketel,False,,True,True,False,Geen garage,,C:\Users\meesv\Downloads\Selectie-10112025_1552 (2).rtf,,
"Laurierstraat 50 A, 1016 PN Amsterdam",Laurierstraat,50 A,1016PN,Amsterdam,525000.0,475000.0,,2024-10-23,2024-11-18,2025-01-03,17.0,50.0,2.0,1.0,1.0,,2013.0,Appartement,Bovenwoning,A,Goed,Goed,75.0,False,Geen tuin,,True,False,,C.V.-Ketel,C.V.-Ketel,False,,True,True,False,Geen garage,,C:\Users\meesv\Downloads\Selectie-09112025_1403.rtf,,
"Keizersgracht 343 A, 1016 EH Amsterdam",Keizersgracht,343 A,1016EH,Amsterdam,2200000.0,2200000.0,,2025-09-22,,,155.0,160.0,4.0,3.0,2.0,2.0,1740.0,Appartement,Benedenwoning,,Goed,Goed,,True,Achtertuin,85.0,False,False,,C.V.-Ketel,C.V.-Ketel,False,,True,True,False,Geen garage,,C:\Users\meesv\Downloads\Selectie-10112025_1552 (1).rtf,,
"Molenbeekstraat 12 2, 1078 XD Amsterdam",Molenbeekstraat,12 2,1078XD,Amsterdam,626000.0,550000.0,,2025-10-03,2025-11-03,2025-12-16,26.0,66.0,3.0,2.0,1.0,,1931.0,Appartement,,E,Goed,Goed,133.0,False,Geen tuin,,True,False,,C.V.-Ketel,C.V.-Ketel,False,,True,True,False,Geen garage,,C:\Users\meesv\Downloads\Selectie-09112025_0825 (1).rtf,,
"Hazenstraat 17 3, 1016 SM Amsterdam",Hazenstraat,17 3,1016SM,Amsterdam,545000.0,495000.0,,2024-06-21,2024-08-29,2024-08-05,28.0,54.0,3.0,2.0,1.0,,1908.0,Appartement,Bovenwoning,D,Redelijk,Goed,260.0,False,,,False,True,,C.V.-Ketel,C.V.-Ketel,False,,True,True,False,Geen garage,,C:\Users\meesv\Downloads\Selectie-09112025_1401 (2).rtf,,
"Diezestraat 20 2, 1078 JR Amsterdam",Diezestraat,20 2,1078JR,Amsterdam,1534000.0,1450000.0,,2025-04-08,2025-07-15,2025-07-15,21.0,152.0,5.0,4.0,2.0,,1929.0,Appartement,Bovenwoning,B,Uitstekend,Uitstekend,180.0,False,Geen tuin,,True,True,,C.V.-Ketel,C.V.-Ketel,False,,True,True,False,Geen garage,,C:\Users\meesv\Downloads\Selectie-09112025_0826.rtf,,
"Prinsengracht 382 2, 1016 JA Amsterdam",Prinsengracht,382 2,1016JA,Amsterdam,600000.0,600000.0,,2025-11-06,,,34.0,51.0,3.0,2.0,1.0,,1933.0,Appartement,Bovenwoning,,Uitstekend,Goed,150.0,False,Geen tuin,,True,True,,C.V.-Ketel,C.V.-Ketel,False,,True,True,False,Geen garage,,C:\Users\meesv\Downloads\Selectie-10112025_1552 (2).rtf,,
"Keizersgracht 131 E, 1015 CJ Amsterdam",Keizersgracht,131 E,1015CJ,Amsterdam,1200000.0,1200000.0,,2025-06-23,,,141.0,112.0,2.0,1.0,1.0,,1880.0,Appartement,Bovenwoning,,Uitstekend,Goed,364.6,False,Geen tuin,,False,False,,C.V.-Ketel,C.V.-Ketel,False,,True,True,False,Geen garage,,C:\Users\meesv\Downloads\Selectie-10112025_1552 (1).rtf,,
"Raamstraat 33 K, 1016 XL Amsterdam",Raamstraat,33 K,1016XL,Amsterdam,625000.0,625000.0,,2025-09-30,,,84.0,58.0,3.0,2.0,1.0,,1906.0,Appartement,Bovenwoning,A,Goed,Goed,262.0,False,Geen tuin,,True,True,,C.V.-Ketel,C.V.-Ketel,False,,True,True,False,Geen garage,,C:\Users\meesv\Downloads\Selectie-27102025_1749.rtf,,
"Deurloostraat 44 2, 1078 JC Amsterdam",Deurloostraat,44 2,1078JC,Amsterdam,715000.0,625000.0,,2025-03-20,2025-04-23,2025-05-16,29.0,92.0,4.0,3.0,1.0,,1933.0,Appartement,Bovenwoning,B,Redelijk,Redelijk,39.14,False,Geen tuin,,True,True,,C.V.-Ketel,C.V.-Ketel,False,,True,True,False,Geen garage,,C:\Users\meesv\Downloads\Selectie-10112025_2049 (1).rtf,,
"Keizersgracht 227 A, 1016 DV Amsterdam",Keizersgracht,227 A,1016DV,Amsterdam,1500000.0,1500000.0,,2025-09-01,,,158.0,149.0,7.0,3.0,2.0,,1700.0,Appartement,Benedenwoning,,Goed,Goed,,False,Geen tuin,,False,False,,,,False,,True,True,False,Geen garage,,C:\Users\meesv\Downloads\Selectie-10112025_1552 (1).rtf,,
"Utrechtsedwarsstraat 48 L, 1017 WG Amsterdam",Utrechtsedwarsstraat,48 L,1017WG,Amsterdam,400000.0,375000.0,,2025-06-18,2025-09-02,2025-09-23,69.0,40.0,1.0,1.0,1.0,,2007.0,Appartement,Bovenwoning,A,Goed,Goed,72.0,False,Geen tuin,,True,False,,C.V.-Ketel,C.V.-Ketel,False,,True,True,False,Geen garage,,C:\Users\meesv\Downloads\Selectie-10112025_1606 (2).rtf,,
"Herengracht 268 O, 1016 BW Amsterdam",Herengracht,268 O,1016BW,Amsterdam,2200000.0,2200000.0,,2025-04-17,,,208.0,223.0,6.0,2.0,1.0,,1906.0,Appartement,Benedenwoning,,Goed,Goed,,True,Achtertuin,400.0,False,False,,C.V.-Ketel,C.V.-Ketel,False,,True,True,False,Geen garage,,C:\Users\meesv\Downloads\Selectie-10112025_1552 (3).rtf,,
"Keizersgracht 130 A, 1015 CW Amsterdam",Keizersgracht,130 A,1015CW,Amsterdam,985000.0,985000.0,,2025-09-17,,,55.0,117.0,3.0,2.0,2.0,,1755.0,Appartement,Benedenwoning,C,Uitstekend,Uitstekend,252.0,False,Geen tuin,,False,False,,,,False,,True,True,False,Geen garage,,C:\Users\meesv\Downloads\Selectie-10112025_1552 (1).rtf,,
"Deurloostraat 58 1, 1078 JE Amsterdam",Deurloostraat,58 1,1078JE,Amsterdam,658750.0,635000.0,,2025-07-03,2025-08-14,2025-09-02,27.0,84.0,4.0,3.0,1.0,,1928.0,Appartement,,E,Redelijk,Redelijk,286.0,False,Geen tuin,,True,True,,,Elektrisch,False,,True,True,False,Geen garage,,C:\Users\meesv\Downloads\Selectie-10112025_2049 (1).rtf,,
"Elandsstraat 68 B, 1016 SG Amsterdam",Elandsstraat,68 B,1016SG,Amsterdam,760000.0,795000.0,,2023-12-14,2024-03-01,2024-02-29,49.0,97.0,6.0,2.0,2.0,2.0,1725.0,Appartement,Bovenwoning,,Goed,Goed,130.0,False,Geen tuin,,False,False,,,,False,,True,True,False,Geen garage,,C:\Users\meesv\Downloads\Selectie-09112025_1402 (2).rtf,,
"Utrechtsestraat 55 C, 1017 VJ Amsterdam",Utrechtsestraat,55 C,1017VJ,Amsterdam,626000.0,475000.0,,2025-03-05,2025-04-10,2025-04-17,22.0,60.0,5.0,3.0,1.0,,1718.0,Appartement,Bovenwoning,A,Redelijk,Goed,,False,Geen tuin,,False,True,,C.V.-Ketel,C.V.-Ketel,False,,True,True,False,Geen garage,,C:\Users\meesv\Downloads\Selectie-10112025_1606 (4).rtf,,
"Jekerstraat 62 3, 1078 ME Amsterdam",Jekerstraat,62 3,1078ME,Amsterdam,1050000.0,935000.0,,2025-03-13,2025-06-05,2025-06-05,29.0,117.0,6.0,4.0,1.0,,1929.0,Appartement,Bovenwoning,D,Goed,Goed,,False,Geen tuin,,True,True,,C.V.-Ketel,C.V.-Ketel,False,,True,True,False,Geen garage,,C:\Users\meesv\Downloads\Selectie-10112025_2103 (1).rtf,,
"Roerstraat 73 1, 1078 LK Amsterdam",Roerstraat,73 1,1078LK,Amsterdam,856000.0,725000.0,,2024-11-11,2025-01-16,2025-01-16,32.0,89.0,5.0,3.0,1.0,,1930.0,Appartement,Bovenwoning,D,Goed,Goed,204.0,False,Geen tuin,,True,True,,C.V.-Ketel,C.V.-Ketel,False,,True,True,False,Geen garage,,C:\Users\meesv\Downloads\Selectie-10112025_1511 (1).rtf,,
"Tuinstraat 179 H, 1015 PC Amsterdam",Tuinstraat,179 H,1015PC,Amsterdam,500000.0,499000.0,,2024-08-27,2025-08-01,2025-08-01,340.0,49.0,2.0,1.0,,,1944.0,Appartement,Benedenwoning,,Goed,Goed,125.0,True,Achtertuin,,False,False,,,,False,,True,True,False,Geen garage,,C:\Users\meesv\Downloads\Selectie-18102025_1507.rtf,,
"Prinsengracht 14 K, 1015 DV Amsterdam",Prinsengracht,14 K,1015DV,Amsterdam,825000.0,825000.0,,2025-09-23,,,49.0,65.0,3.0,2.0,1.0,,1990.0,Woonhuis,,C,Goed,Goed,,False,,,False,True,,C.V.-Ketel,C.V.-Ketel,False,,True,True,False,Geen garage,,C:\Users\meesv\Downloads\Selectie-10112025_1552 (2).rtf,,
"Herengracht 98 D, 1015 BS Amsterdam",Herengracht,98 D,1015BS,Amsterdam,735000.0,735000.0,,2025-09-04,,,68.0,82.0,2.0,1.0,1.0,,1745.0,Appartement,Bovenwoning,,Goed,Goed,212.19,False,Geen tuin,,True,True,,C.V.-Ketel,C.V.-Ketel,False,,True,True,False,Geen garage,,C:\Users\meesv\Downloads\Selectie-10112025_1552 (3).rtf,,
"Keizersgracht 391 D, 1016 EJ Amsterdam",Keizersgracht,391 D,1016EJ,Amsterdam,850000.0,850000.0,,2025-06-20,,,169.0,87.0,3.0,2.0,1.0,,1671.0,Appartement,Bovenwoning,,Goed,Goed,95.08,False,Geen tuin,,False,False,,,,False,,True,True,False,Geen garage,,C:\Users\meesv\Downloads\Selectie-10112025_1552 (1).rtf,,
"Tweede Laurierdwarsstraat 45 III, 1016 RA Amsterdam",Tweede Laurierdwarsstraat,45 III,1016RA,Amsterdam,510000.0,510000.0,,2024-01-29,2024-02-19,2024-04-15,16.0,42.0,3.0,2.0,1.0,,1906.0,Appartement,Bovenwoning,A,Uitstekend,Uitstekend,84.0,False,Geen tuin,,False,False,,C.V.-Ketel,C.V.-Ketel,False,,True,True,False,Geen garage,,C:\Users\meesv\Downloads\Selectie-09112025_1401.rtf,,
"Oude-IJselstraat 24 1, 1078 CN Amsterdam",Oude-IJselstraat,24 1,1078CN,Amsterdam,480000.0,485000.0,,2025-04-22,2025-07-01,2025-08-05,50.0,63.0,3.0,2.0,,,1923.0,Appartement,,C,Goed,Goed,163.0,False,Geen tuin,,True,False,,,,False,,True,True,False,Geen garage,,C:\Users\meesv\Downloads\Selectie-10112025_1510 (5).rtf,,
"Tuinstraat 48 1, 1015 PE Amsterdam",Tuinstraat,48 1,1015PE,Amsterdam,1125000.0,1125000.0,,2025-09-01,2025-10-09,,39.0,116.0,4.0,3.0,1.0,,1944.0,Appartement,Bovenwoning,F,Goed,Goed,185.55,False,Geen tuin,,True,True,,C.V.-Ketel,C.V.-Ketel,False,,True,True,False,Geen garage,,C:\Users\meesv\Downloads\Selectie-18102025_1507.rtf,,
"Herengracht 108 D, 1015 BT Amsterdam",Herengracht,108 D,1015BT,Amsterdam,825000.0,825000.0,,2025-09-11,,,61.0,94.0,3.0,2.0,1.0,,1740.0,Appartement,Bovenwoning,,Goed,Goed,243.32,False,Geen tuin,,False,False,,C.V.-Ketel,C.V.-Ketel,False,,True,True,False,Geen garage,,C:\Users\meesv\Downloads\Selectie-10112025_1552 (3).rtf,,
"Deurloostraat 61 3L, 1078 HT Amsterdam",Deurloostraat,61 3L,1078HT,Amsterdam,851000.0,795000.0,,2025-03-03,2025-05-16,2025-06-17,17.0,85.0,5.0,3.0,1.0,,1929.0,Appartement,Bovenwoning,D,Goed,Goed,203.0,False,Geen tuin,,True,True,,C.V.-Ketel,C.V.-Ketel,False,,True,True,False,Geen garage,,C:\Users\meesv\Downloads\Selectie-10112025_2049 (1).rtf,,
"Lijnbaansgracht 228, 1017 PH Amsterdam",Lijnbaansgracht,228,1017PH,Amsterdam,515000.0,480000.0,,2025-03-28,2025-05-30,2025-05-30,27.0,50.0,3.0,2.0,,,1979.0,Appartement,Bovenwoning,B,Goed,Goed,260.2,False,Geen tuin,,False,True,,C.V.-Ketel,C.V.-Ketel,False,,True,True,False,Geen garage,,C:\Users\meesv\Downloads\Realworks bestanden\Selectie-22102025_1221.rtf,,
"Raamstraat 35 1, 1016 XL Amsterdam",Raamstraat,35 1,1016XL,Amsterdam,410000.0,399000.0,,2025-01-24,2025-06-18,2025-04-22,64.0,44.0,2.0,1.0,1.0,,1959.0,Appartement,,D,Redelijk,Redelijk,160.0,False,Geen tuin,,False,False,,,C.V.-Ketel,False,,True,True,False,Geen garage,,C:\Users\meesv\Downloads\Selectie-09112025_0800 (1).rtf,,
"Deurloostraat 126 3, 1078 JK Amsterdam",Deurloostraat,126 3,1078JK,Amsterdam,963000.0,900000.0,,2024-12-24,2025-01-30,2025-03-28,33.0,160.0,6.0,5.0,2.0,,1929.0,Appartement,Bovenwoning,D,Redelijk,Goed,288.52,False,Geen tuin,,True,True,,,elektrisch,False,,True,True,False,Geen garage,,C:\Users\meesv\Downloads\Selectie-10112025_2049 (1).rtf,,
"Lauriergracht 69 H, 1016 RG Amsterdam",Lauriergracht,69 H,1016RG,Amsterdam,395000.0,395000.0,,2025-09-01,,,52.0,38.0,2.0,1.0,1.0,,1939.0,Appartement,Benedenwoning,G,Goed,Goed,157.0,False,Geen tuin,,False,False,,C.V.-Ketel,C.V.-Ketel,False,,True,True,False,Geen garage,,C:\Users\meesv\Downloads\Realworks bestanden\Selectie-22102025_1218.rtf,,
"Biesboschstraat 56 3, 1078 MX Amsterdam",Biesboschstraat,56 3,1078MX,Amsterdam,760000.0,715000.0,,2025-07-17,2025-11-04,2025-10-24,28.0,75.0,3.0,2.0,1.0,,1929.0,Appartement,Bovenwoning,C,Goed,Goed,128.0,False,Geen tuin,,True,True,,C.V.-Ketel,C.V.-Ketel,False,,True,True,False,Geen garage,,C:\Users\meesv\Downloads\Selectie-10112025_1511.rtf,,
"Nieuwe Spiegelstraat 26 B, 1017 DG Amsterdam",Nieuwe Spiegelstraat,26 B,1017DG,Amsterdam,2000000.0,2000000.0,,2025-09-11,,,146.0,168.0,5.0,3.0,2.0,,1692.0,Appartement,Maisonnette,A+,Uitstekend,Uitstekend,,False,Geen tuin,,True,True,,C.V.-Ketel,C.V.-Ketel,False,,True,True,False,Geen garage,,C:\Users\meesv\Downloads\Selectie-10112025_1552.rtf,,
"Elandsgracht 144 1, 1016 VC Amsterdam",Elandsgracht,144 1,1016VC,Amsterdam,338000.0,295000.0,,2025-02-04,2025-05-16,2025-04-02,30.0,27.0,2.0,1.0,,,1913.0,Appartement,Bovenwoning,F,Goed,Goed,62.5,False,Geen tuin,,False,False,,C.V.-Ketel,C.V.-Ketel,False,,True,True,False,Geen garage,,C:\Users\meesv\Downloads\Realworks bestanden\Selectie-22102025_1210.rtf,,
"Herengracht 149 2, 1015 BH Amsterdam",Herengracht,149 2,1015BH,Amsterdam,1250000.0,1250000.0,,2025-09-15,,,92.0,130.0,6.0,3.0,2.0,2.0,1652.0,Appartement,Bovenwoning,C,Goed,Redelijk,150.0,False,,,True,True,,C.V.-Ketel,C.V.-Ketel,False,,True,True,False,Geen garage,,C:\Users\meesv\Downloads\Selectie-10112025_1552 (3).rtf,,
"Prinsengracht 258 B, 1016 HG Amsterdam",Prinsengracht,258 B,1016HG,Amsterdam,625000.0,625000.0,,2025-07-16,,,347.0,66.0,2.0,1.0,1.0,,1870.0,Appartement,Bovenwoning,B,Goed,Goed,,False,Geen tuin,,True,False,,C.V.-Ketel,C.V.-Ketel,False,,True,True,False,Geen garage,,C:\Users\meesv\Downloads\Selectie-10112025_1552 (2).rtf,,
"Biesboschstraat 58 4, 1078 MX Amsterdam",Biesboschstraat,58 4,1078MX,Amsterdam,410000.0,350000.0,,2024-11-15,2025-01-28,2025-01-21,35.0,44.0,3.0,2.0,1.0,,1929.0,Appartement,Bovenwoning,B,Goed,Goed,105.0,False,Geen tuin,,False,True,,C.V.-Ketel,C.V.-Ketel,False,,True,True,False,Geen garage,,C:\Users\meesv\Downloads\Selectie-10112025_1511.rtf,,
"Herengracht 268 2V, 1016 BW Amsterdam",Herengracht,268 2V,1016BW,Amsterdam,1300000.0,1300000.0,,2025-09-25,,,141.0,144.0,3.0,2.0,1.0,,1906.0,Appartement,Bovenwoning,,Uitstekend,Uitstekend,382.82,True,Achtertuin,540.0,False,False,,,,False,,True,True,False,Geen garage,,C:\Users\meesv\Downloads\Selectie-10112025_1552 (3).rtf,,
"Passeerdersstraat 51 B, 1016 XB Amsterdam",Passeerdersstraat,51 B,1016XB,Amsterdam,750000.0,750000.0,,2025-02-11,2025-04-11,2025-04-11,48.0,91.0,3.0,2.0,1.0,,1999.0,Appartement,Bovenwoning,B,Goed,Goed,190.68,False,Geen tuin,,True,True,,C.V.-Ketel,C.V.-Ketel,False,,True,True,False,Geen garage,,C:\Users\meesv\Downloads\Selectie-09112025_1402 (3).rtf,,
"Elandsstraat 40 B, 1016 SG Amsterdam",Elandsstraat,40 B,1016SG,Amsterdam,553700.0,450000.0,,2024-01-24,2024-03-26,2024-03-26,22.0,54.0,2.0,1.0,1.0,,1905.0,Appartement,Benedenwoning,,Matig,Goed,,True,Achtertuin,,False,True,,C.V.-Ketel,C.V.-Ketel,False,,True,True,False,Geen garage,,C:\Users\meesv\Downloads\Selectie-09112025_1402 (2).rtf,,
"Oude Looiersstraat 52, 1016 VK Amsterdam",Oude Looiersstraat,52,1016VK,Amsterdam,1295000.0,1295000.0,,2024-02-27,2024-05-13,2024-05-13,77.0,130.0,4.0,3.0,1.0,,1875.0,Woonhuis,,B,Uitstekend,Goed,,False,,,False,True,,C.V.-Ketel,C.V.-Ketel,False,,True,True,False,Geen garage,,C:\Users\meesv\Downloads\Selectie-09112025_1400.rtf,,
"Victorieplein 45 11, 1078 PD Amsterdam",Victorieplein,45 11,1078PD,Amsterdam,1250000.0,1150000.0,,2024-11-13,2025-02-24,2025-02-24,28.0,126.0,3.0,2.0,1.0,,1930.0,Appartement,,,Goed,Goed,402.55,False,Geen tuin,,True,True,,,,False,,True,True,False,Geen garage,,C:\Users\meesv\Downloads\Selectie-10112025_2050 (2).rtf,,
"Prinsengracht 514 A, 1017 KJ Amsterdam",Prinsengracht,514 A,1017KJ,Amsterdam,2149000.0,2149000.0,,2025-06-05,,,211.0,192.0,5.0,2.0,2.0,,1690.0,Appartement,Benedenwoning,,Goed,Goed,250.0,False,Geen tuin,,False,False,,C.V.-Ketel,C.V.-Ketel,False,,True,True,False,Geen garage,,C:\Users\meesv\Downloads\Selectie-10112025_1552 (2).rtf,,
"Elandsgracht 41 1, 1016 TN Amsterdam",Elandsgracht,41 1,1016TN,Amsterdam,1400000.0,995000.0,,2025-08-26,2025-09-26,2025-09-26,28.0,212.0,14.0,7.0,5.0,5.0,1916.0,Woonhuis,,G,Redelijk,Redelijk,,False,Geen tuin,,True,True,,C.V.-Ketel,C.V.-Ketel,False,,True,True,False,Geen garage,,C:\Users\meesv\Downloads\Realworks bestanden\Selectie-22102025_1210.rtf,,
"Diezestraat 6 2, 1078 JP Amsterdam",Diezestraat,6 2,1078JP,Amsterdam,1262062.0,1300000.0,,2025-07-05,2025-08-18,2025-09-30,38.0,145.0,5.0,4.0,2.0,,1930.0,Appartement,Bovenwoning,A,Uitstekend,Uitstekend,166.93,False,Geen tuin,,True,True,,C.V.-Ketel,C.V.-Ketel,False,,True,True,False,Geen garage,,C:\Users\meesv\Downloads\Selectie-09112025_0826.rtf,,
"Eerste Tuindwarsstraat 14 1, 1015 RV Amsterdam",Eerste Tuindwarsstraat,14 1,1015RV,Amsterdam,395000.0,375000.0,,2025-03-28,2025-06-09,2025-06-03,18.0,33.0,2.0,1.0,,,1879.0,Appartement,Bovenwoning,,Uitstekend,Uitstekend,,False,Geen tuin,,False,False,,,,False,,True,True,False,Geen garage,,C:\Users\meesv\Downloads\Selectie-18102025_1511 (1).rtf,,
"Utrechtsedwarsstraat 45 1, 1017 WC Amsterdam",Utrechtsedwarsstraat,45 1,1017WC,Amsterdam,573400.0,550000.0,,2024-12-04,2025-03-26,2025-03-24,86.0,49.0,3.0,2.0,1.0,,1955.0,Appartement,Bovenwoning,D,Uitstekend,Goed,175.0,False,Geen tuin,,True,True,,C.V.-Ketel,C.V.-Ketel,False,,True,True,False,Geen garage,,C:\Users\meesv\Downloads\Selectie-10112025_1606 (2).rtf,,
"Victorieplein 29 1, 1079 KM Amsterdam",Victorieplein,29 1,1079KM,Amsterdam,740000.0,725000.0,,2025-03-20,2025-07-29,2025-05-22,37.0,112.0,4.0,3.0,1.0,,1932.0,Appartement,Bovenwoning,F,Redelijk,Goed,118.09,False,Geen tuin,,True,True,,C.V.-Ketel,C.V.-Ketel,False,,True,True,False,Geen garage,,C:\Users\meesv\Downloads\Selectie-10112025_2050 (2).rtf,,
"Prinsengracht 79 E, 1015 DM Amsterdam",Prinsengracht,79 E,1015DM,Amsterdam,350000.0,350000.0,,2025-10-27,,,15.0,24.0,1.0,,1.0,,1760.0,Appartement,Portiek,,Goed,Goed,,False,Geen tuin,,True,True,,C.V.-Ketel,C.V.-Ketel,False,,True,True,False,Geen garage,,C:\Users\meesv\Downloads\Selectie-10112025_1552 (2).rtf,,
"Rozengracht 236 B, 1016 SZ Amsterdam",Rozengracht,236 B,1016SZ,Amsterdam,736500.0,675000.0,,2025-06-04,2025-07-21,2025-12-01,27.0,72.0,3.0,2.0,1.0,,1894.0,Appartement,Bovenwoning,C,Goed,Goed,179.0,False,Geen tuin,,True,True,,C.V.-Ketel,C.V.-Ketel,False,,True,True,False,Geen garage,,C:\Users\meesv\Downloads\Realworks bestanden\Selectie-22102025_1207.rtf,,
"Keizersgracht 378 A, 1016 GA Amsterdam",Keizersgracht,378 A,1016GA,Amsterdam,1150000.0,1150000.0,,2025-06-10,,,154.0,165.0,1.0,1.0,1.0,,1906.0,Appartement,Benedenwoning,,Goed,Goed,338.56,False,Geen tuin,,False,False,,C.V.-Ketel,C.V.-Ketel,False,,True,True,False,Geen garage,,C:\Users\meesv\Downloads\Selectie-10112025_1552 (1).rtf,,
"Eerste Rozendwarsstraat 13 H, 1016 PC Amsterdam",Eerste Rozendwarsstraat,13 H,1016PC,Amsterdam,540000.0,495000.0,,2025-06-10,2025-09-16,2025-09-09,49.0,51.0,2.0,1.0,1.0,,1906.0,Appartement,Benedenwoning,B,Goed,Goed,99.34,False,Geen tuin,,False,False,,C.V.-Ketel,C.V.-Ketel,False,,True,True,False,Geen garage,,C:\Users\meesv\Downloads\Selectie-09112025_1402.rtf,,
"Keizersgracht 227 B, 1016 DV Amsterdam",Keizersgracht,227 B,1016DV,Amsterdam,1100000.0,1100000.0,,2025-06-02,,,268.0,100.0,4.0,2.0,2.0,2.0,1906.0,Appartement,Bovenwoning,,Goed,Goed,,False,Geen tuin,,False,False,,C.V.-Ketel,C.V.-Ketel,False,,True,True,False,Geen garage,,C:\Users\meesv\Downloads\Selectie-10112025_1552 (1).rtf,,
"Keizersgracht 698 E, 1017 EV Amsterdam",Keizersgracht,698 E,1017EV,Amsterdam,895000.0,895000.0,,2025-09-22,,,50.0,84.0,2.0,1.0,1.0,,1690.0,Appartement,,,Goed,Goed,312.0,False,Geen tuin,,False,False,,C.V.-Ketel,C.V.-Ketel,False,,True,True,False,Geen garage,,C:\Users\meesv\Downloads\Selectie-10112025_1552 (1).rtf,,
"Tweede Bloemdwarsstraat 34 A, 1016 LM Amsterdam",Tweede Bloemdwarsstraat,34 A,1016LM,Amsterdam,775000.0,750000.0,,2025-09-21,2025-11-08,2025-12-02,31.0,83.0,4.0,3.0,1.0,,1982.0,Appartement,Bovenwoning,C,Uitstekend,Uitstekend,203.66,False,Geen tuin,,True,True,,C.V.-Ketel,C.V.-Ketel,False,,True,True,False,Geen garage,,C:\Users\meesv\Downloads\Selectie-09112025_0807.rtf,,
"Laurierstraat 41 c, 1016 PH Amsterdam",Laurierstraat,41 c,1016PH,Amsterdam,423000.0,350000.0,,2024-02-29,2024-04-15,2024-04-30,20.0,38.0,2.0,1.0,1.0,,1878.0,Appartement,Bovenwoning,C,Uitstekend,Uitstekend,75.0,False,Geen tuin,,False,False,,C.V.-Ketel,C.V.-Ketel,False,,True,True,False,Geen garage,,C:\Users\meesv\Downloads\Selectie-09112025_1403.rtf,,
"Molenbeekstraat 28 H, 1078 XE Amsterdam",Molenbeekstraat,28 H,1078XE,Amsterdam,970000.0,895000.0,,2025-02-26,2025-08-08,2025-08-08,27.0,99.0,5.0,2.0,1.0,,1930.0,Appartement,Benedenwoning,A,Goed,Goed,151.25,True,Achtertuin,53.0,False,True,,C.V.-Ketel,C.V.-Ketel,False,,True,True,False,Geen garage,,C:\Users\meesv\Downloads\Selectie-09112025_0825 (1).rtf,,
"Keizersgracht 74 A, 1015 CT Amsterdam",Keizersgracht,74 A,1015CT,Amsterdam,1800000.0,1800000.0,,2025-01-30,,,381.0,219.0,3.0,2.0,1.0,,1625.0,Appartement,,,Uitstekend,Uitstekend,150.0,False,Geen tuin,,False,False,,C.V.-Ketel,C.V.-Ketel,False,,True,True,False,Geen garage,,C:\Users\meesv\Downloads\Selectie-10112025_1552 (1).rtf,,
"Raamstraat 11 3, 1016 XL Amsterdam",Raamstraat,11 3,1016XL,Amsterdam,820100.0,750000.0,,2024-06-14,2024-08-16,2024-08-27,33.0,100.0,3.0,2.0,1.0,,1848.0,Appartement,Maisonnette,C,Goed,Goed,171.87,False,Geen tuin,,True,True,,C.V.-Ketel,C.V.-Ketel,False,,True,True,False,Geen garage,,C:\Users\meesv\Downloads\Selectie-09112025_1401 (3).rtf,,
"Lauriergracht 166 A, 1016 RV Amsterdam",Lauriergracht,166 A,1016RV,Amsterdam,1146000.0,1200000.0,,2025-05-20,2025-08-08,2025-09-05,74.0,102.0,8.0,3.0,1.0,,1936.0,Appartement,Bovenwoning,,Goed,Goed,102.0,False,Geen tuin,,True,True,,C.V.-Ketel,C.V.-Ketel,False,,True,True,False,Geen garage,,C:\Users\meesv\Downloads\Realworks bestanden\Selectie-22102025_1218.rtf,,
"Eerste Looiersdwarsstraat 3 B, 1016 VL Amsterdam ",Eerste Looiersdwarsstraat,3 B,1016VL,Amsterdam,485000.0,485000.0,,2025-02-14,,,256.0,48.0,2.0,1.0,1.0,,1990.0,Appartement,Bovenwoning,B,Goed,Goed,177.51,False,Geen tuin,,True,True,,C.V.-Ketel,C.V.-Ketel,False,,True,True,False,Geen garage,,C:\Users\meesv\Downloads\Selectie-27102025_1750 (1).rtf,,
"Herengracht 592 D, 1017 CJ Amsterdam",Herengracht,592 D,1017CJ,Amsterdam,1395000.0,1395000.0,,2025-10-29,,,13.0,139.0,4.0,2.0,1.0,,1670.0,Appartement,Bovenwoning,E,Goed,Goed,355.0,False,,,True,True,,C.V.-Ketel,C.V.-Ketel,False,,True,True,False,Geen garage,,C:\Users\meesv\Downloads\Selectie-10112025_1552 (3).rtf,,
"Tuinstraat 246, 1015 PK Amsterdam",Tuinstraat,246,1015PK,Amsterdam,355000.0,350000.0,,2024-08-15,2024-11-26,2024-11-29,50.0,40.0,2.0,1.0,1.0,,1988.0,Appartement,Bovenwoning,A,Redelijk,Redelijk,,True,Achtertuin,,True,True,,C.V.-Ketel,C.V.-Ketel,False,,True,True,False,Geen garage,,C:\Users\meesv\Downloads\Selectie-18102025_1507.rtf,,
"Elandsgracht 59 1A, 1016 TN Amsterdam",Elandsgracht,59 1A,1016TN,Amsterdam,375000.0,350000.0,,2025-07-01,2025-10-06,2025-09-25,32.0,30.0,2.0,1.0,1.0,,1851.0,Appartement,Bovenwoning,C,Uitstekend,Uitstekend,94.04,False,Geen tuin,,True,True,,C.V.-Ketel,C.V.-Ketel,False,,True,True,False,Geen garage,,C:\Users\meesv\Downloads\Realworks bestanden\Selectie-22102025_1210.rtf,,
"Frederiksplein 26 H, 1017 XN Amsterdam",Frederiksplein,26 H,1017XN,Amsterdam,1080000.0,1100000.0,,2025-01-29,2025-05-06,2025-06-18,90.0,135.0,3.0,2.0,1.0,,1883.0,Appartement,Bovenwoning,B,Goed,Goed,216.0,False,,,False,True,,C.V.-Ketel,C.V.-Ketel,False,,True,True,False,Geen garage,,C:\Users\meesv\Downloads\Selectie-10112025_1606 (3).rtf,,
"Herengracht 114 HV, 1015 BT Amsterdam",Herengracht,114 HV,1015BT,Amsterdam,895000.0,895000.0,,2025-10-15,,,102.0,104.0,3.0,2.0,1.0,,1906.0,Appartement,Benedenwoning,,Redelijk,Goed,279.37,True,Patio,,False,True,,C.V.-Ketel,C.V.-Ketel,False,,True,True,False,Geen garage,,C:\Users\meesv\Downloads\Selectie-10112025_1552 (3).rtf,,
"Herengracht 327, 1016 AW Amsterdam",Herengracht,327,1016AW,Amsterdam,1100000.0,1100000.0,,2025-09-26,,,46.0,126.0,5.0,1.0,,,1906.0,Woonhuis,,,Redelijk,Redelijk,,False,Geen tuin,,False,False,,C.V.-Ketel,,False,,True,True,False,Geen garage,,C:\Users\meesv\Downloads\Selectie-10112025_1552 (3).rtf,,
"Eerste Tuindwarsstraat 6 1, 1015 RV Amsterdam",Eerste Tuindwarsstraat,6 1,1015RV,Amsterdam,920000.0,875000.0,,2024-11-15,2025-01-08,2025-01-07,22.0,99.0,5.0,2.0,1.0,,1890.0,Appartement,Bovenwoning,F,Goed,Goed,200.0,False,Geen tuin,,False,True,,C.V.-Ketel,C.V.-Ketel,False,,True,True,False,Geen garage,,C:\Users\meesv\Downloads\Selectie-18102025_1511 (1).rtf,,
"Lauriergracht 121 2, 1016 RK Amsterdam",Lauriergracht,121 2,1016RK,Amsterdam,685000.0,665000.0,,2024-10-22,2024-12-10,2024-12-27,22.0,83.0,2.0,1.0,1.0,,1915.0,Appartement,Bovenwoning,D,Goed,Redelijk,,False,Geen tuin,,True,True,,C.V.-Ketel,C.V.-Ketel,False,,True,True,False,Geen garage,,C:\Users\meesv\Downloads\Realworks bestanden\Selectie-22102025_1218.rtf,,
"Deurloostraat 121 1, 1078 HX Amsterdam",Deurloostraat,121 1,1078HX,Amsterdam,785000.0,740000.0,,2025-09-26,2025-10-21,2026-03-31,20.0,93.0,4.0,2.0,1.0,,1928.0,Appartement,Bovenwoning,,Goed,Goed,401.63,False,Geen tuin,,True,True,,elektrisch,C.V.-Ketel,False,,True,True,False,Geen garage,,C:\Users\meesv\Downloads\Selectie-10112025_2049 (1).rtf,,
"Lijnbaansgracht 341 E, 1017 XA Amsterdam",Lijnbaansgracht,341 E,1017XA,Amsterdam,787000.0,750000.0,,2025-01-24,2025-03-18,2025-03-13,27.0,61.0,4.0,3.0,2.0,,1750.0,Appartement,Bovenwoning,C,Uitstekend,Goed,170.68,False,Geen tuin,,False,True,,C.V.-Ketel,C.V.-Ketel,False,,True,True,False,Geen garage,,C:\Users\meesv\Downloads\Realworks bestanden\Selectie-22102025_1221.rtf,,
"Lauriergracht 114 1, 1016 RR Amsterdam",Lauriergracht,114 1,1016RR,Amsterdam,725000.0,675000.0,,2024-11-26,2025-03-04,2025-04-15,31.0,59.0,2.0,1.0,1.0,,1906.0,Appartement,Bovenwoning,,Goed,Goed,135.0,False,Geen tuin,,True,True,,C.V.-Ketel,C.V.-Ketel,False,,True,True,False,Geen garage,,C:\Users\meesv\Downloads\Realworks bestanden\Selectie-22102025_1218.rtf,,
"Tweede Laurierdwarsstraat 45 H, 1016 RA Amsterdam",Tweede Laurierdwarsstraat,45 H,1016RA,Amsterdam,850000.0,850000.0,,2025-09-01,,,57.0,59.0,3.0,2.0,1.0,,1906.0,Appartement,Benedenwoning,A,Goed,Goed,127.0,True,Patio,,False,False,,C.V.-Ketel,C.V.-Ketel,False,,True,True,False,Geen garage,,C:\Users\meesv\Downloads\Selectie-27102025_1750.rtf,,
"Niersstraat 28, 1078 VL Amsterdam",Niersstraat,28,1078VL,Amsterdam,825028.0,,,2025-02-11,2025-03-26,2025-05-01,22.0,87.0,3.0,2.0,,,1930.0,Appartement,Benedenwoning,B,Goed,Goed,307.0,False,Geen tuin,,False,False,,C.V.-Ketel,C.V.-Ketel,False,,True,True,False,Geen garage,,C:\Users\meesv\Downloads\Selectie-10112025_2050 (3).rtf,,
"Herengracht 375 2, 1016 BC Amsterdam",Herengracht,375 2,1016BC,Amsterdam,499000.0,499000.0,,2025-09-05,,,67.0,45.0,2.0,1.0,,,1941.0,Appartement,Bovenwoning,C,Goed,Goed,150.69,False,Geen tuin,,True,True,,C.V.-Ketel,C.V.-Ketel,False,,True,True,False,Geen garage,,C:\Users\meesv\Downloads\Selectie-10112025_1552 (3).rtf,,
"Keizersgracht 700, 1017 EV Amsterdam",Keizersgracht,700,1017EV,Amsterdam,2300000.0,2300000.0,,2025-10-03,,,39.0,200.0,4.0,2.0,2.0,2.0,1906.0,Appartement,,,Goed,Goed,428.0,False,Geen tuin,,False,False,,C.V.-Ketel,C.V.-Ketel,False,,True,True,False,Geen garage,,C:\Users\meesv\Downloads\Selectie-10112025_1552 (1).rtf,,
"Tweede Laurierdwarsstraat 45 II, 1016 RA Amsterdam",Tweede Laurierdwarsstraat,45 II,1016RA,Amsterdam,600000.0,599000.0,,2024-03-30,2024-05-15,2024-05-31,21.0,48.0,3.0,2.0,1.0,,1906.0,Appartement,Bovenwoning,A,Uitstekend,Uitstekend,116.0,False,Geen tuin,,True,True,,C.V.-Ketel,C.V.-Ketel,False,,True,True,False,Geen garage,,C:\Users\meesv\Downloads\Selectie-09112025_1401.rtf,,
"Herengracht 553 1, 1017 BW Amsterdam",Herengracht,553 1,1017BW,Amsterdam,1750000.0,1750000.0,,2025-09-05,,,67.0,144.0,4.0,3.0,2.0,,1670.0,Appartement,,,Uitstekend,Uitstekend,340.0,False,Geen tuin,,False,False,,C.V.-Ketel,C.V.-Ketel,False,,True,True,False,Geen garage,,C:\Users\meesv\Downloads\Selectie-10112025_1552 (3).rtf,,
"Prinsengracht 151 E, 1015 DR Amsterdam",Prinsengracht,151 E,1015DR,Amsterdam,1200000.0,1200000.0,,2025-09-05,,,178.0,94.0,3.0,2.0,2.0,,1980.0,Appartement,,C,Uitstekend,Uitstekend,286.27,True,Achtertuin,,True,True,,C.V.-Ketel,C.V.-Ketel,False,,True,True,False,Geen garage,,C:\Users\meesv\Downloads\Selectie-10112025_1552 (2).rtf,,
"Rozengracht 70 C, 1016 NE Amsterdam",Rozengracht,70 C,1016NE,Amsterdam,285000.0,285000.0,,2025-06-24,,,121.0,28.0,1.0,,1.0,,1976.0,Appartement,,C,Goed,Goed,174.15,False,Geen tuin,,False,False,,C.V.-Ketel,C.V.-Ketel,False,,True,True,False,Geen garage,,C:\Users\meesv\Downloads\Realworks bestanden\Selectie-22102025_1207.rtf,,
"Deltastraat 11 H, 1078 PB Amsterdam",Deltastraat,11 H,1078PB,Amsterdam,965000.0,895000.0,,2025-08-29,2025-10-14,2025-11-28,25.0,90.0,2.0,2.0,1.0,,1930.0,Appartement,Benedenwoning,,Uitstekend,Uitstekend,309.41,True,Achtertuin,43.0,False,False,,C.V.-Ketel,C.V.-Ketel,False,,True,True,False,Geen garage,,C:\Users\meesv\Downloads\Selectie-10112025_2049 (3).rtf,,
"Biesboschstraat 9 3, 1078 MK Amsterdam",Biesboschstraat,9 3,1078MK,Amsterdam,975000.0,975000.0,,2025-03-12,2025-06-25,2025-06-12,62.0,116.0,4.0,3.0,1.0,,1930.0,Appartement,Bovenwoning,C,Goed,Goed,,False,Geen tuin,,True,True,,C.V.-Ketel,C.V.-Ketel,False,,True,True,False,Geen garage,,C:\Users\meesv\Downloads\Selectie-10112025_1511.rtf,,
"Elandsstraat 58, 1016 SG Amsterdam",Elandsstraat,58,1016SG,Amsterdam,958958.0,900000.0,,2024-10-20,2025-04-17,2025-04-03,117.0,116.0,3.0,2.0,2.0,,2017.0,Appartement,Maisonnette,A,Goed,Goed,336.84,False,Geen tuin,,True,True,,C.V.-Ketel,C.V.-Ketel,False,,True,True,False,Geen garage,,C:\Users\meesv\Downloads\Selectie-09112025_1402 (2).rtf,,
"Eerste Laurierdwarsstraat 18 B, 1016 PZ Amsterdam",Eerste Laurierdwarsstraat,18 B,1016PZ,Amsterdam,1275000.0,1275000.0,,2025-06-03,2025-08-07,2025-11-01,66.0,146.0,4.0,3.0,2.0,,1934.0,Woonhuis,,C,Goed,Goed,,False,Geen tuin,,False,True,,,,False,,True,True,False,Geen garage,,C:\Users\meesv\Downloads\Selectie-09112025_0758.rtf,,
"Elandsstraat 68 A, 1016 SG Amsterdam",Elandsstraat,68 A,1016SG,Amsterdam,590000.0,600000.0,,2024-08-27,2024-11-10,2024-12-06,66.0,78.0,3.0,2.0,1.0,,1725.0,Appartement,,,Goed,Goed,130.22,True,Patio,,False,True,,C.V.-Ketel,C.V.-Ketel,False,,True,True,False,Geen garage,,C:\Users\meesv\Downloads\Selectie-09112025_1402 (2).rtf,,
"Laurierstraat 11 B, 1016 PG Amsterdam",Laurierstraat,11 B,1016PG,Amsterdam,1125000.0,1100000.0,,2024-11-18,2024-12-22,2024-12-30,26.0,96.0,3.0,2.0,1.0,,2001.0,Appartement,Bovenwoning,C,Uitstekend,Uitstekend,90.0,False,,,True,True,,C.V.-Ketel,C.V.-Ketel,False,,True,True,False,Geen garage,,C:\Users\meesv\Downloads\Selectie-09112025_1403.rtf,,
"Herengracht 455 C, 1017 BS Amsterdam",Herengracht,455 C,1017BS,Amsterdam,800000.0,800000.0,,2025-09-17,,,223.0,77.0,3.0,2.0,1.0,,1906.0,Appartement,Bovenwoning,,Uitstekend,Uitstekend,342.0,False,Geen tuin,,False,False,,C.V.-Ketel,C.V.-Ketel,False,,True,True,False,Geen garage,,C:\Users\meesv\Downloads\Selectie-10112025_1552 (3).rtf,,
"Eerste Looiersdwarsstraat 5 A, 1016 VL Amsterdam",Eerste Looiersdwarsstraat,5 A,1016VL,Amsterdam,525000.0,500000.0,,2024-05-23,2024-07-15,2024-07-30,22.0,50.0,2.0,1.0,1.0,,1987.0,Appartement,Bovenwoning,C,Goed,Goed,,False,Geen tuin,,True,True,,C.V.-Ketel,C.V.-Ketel,False,,True,True,False,Geen garage,,C:\Users\meesv\Downloads\Selectie-09112025_1401 (1).rtf,,
"Victorieplein 38 3, 1078 PG Amsterdam",Victorieplein,38 3,1078PG,Amsterdam,935000.0,900000.0,,2024-11-15,2024-12-18,2024-12-23,19.0,134.0,6.0,5.0,1.0,,1924.0,Appartement,Bovenwoning,D,Redelijk,Goed,250.0,False,Geen tuin,,True,True,,C.V.-Ketel,C.V.-Ketel,False,,True,True,False,Geen garage,,C:\Users\meesv\Downloads\Selectie-10112025_2050 (2).rtf,,
"Merwedeplein 57 1, 1078 NC Amsterdam",Merwedeplein,57 1,1078NC,Amsterdam,970000.0,850000.0,,2025-05-07,2025-08-14,2025-08-28,24.0,100.0,5.0,3.0,1.0,,1930.0,Appartement,Bovenwoning,B,Goed,Goed,,False,,,True,True,,C.V.-Ketel,C.V.-Ketel,False,,True,True,False,Geen garage,,C:\Users\meesv\Downloads\Selectie-10112025_1510 (6).rtf,,
"Elandsstraat 35 D, 1016 RX Amsterdam",Elandsstraat,35 D,1016RX,Amsterdam,877000.0,799000.0,,2025-02-06,2025-03-13,2025-04-15,30.0,87.0,4.0,3.0,1.0,2.0,1906.0,Appartement,Bovenwoning,C,Redelijk,Redelijk,160.0,False,Geen tuin,,True,True,,C.V.-Ketel,C.V.-Ketel,False,,True,True,False,Geen garage,,C:\Users\meesv\Downloads\Selectie-09112025_1402 (2).rtf,,
"Victorieplein 39 2, 1078 PD Amsterdam",Victorieplein,39 2,1078PD,Amsterdam,950001.0,925000.0,,2024-11-24,2024-12-23,2025-02-28,26.0,113.0,4.0,3.0,1.0,,1931.0,Appartement,Bovenwoning,C,Goed,Goed,366.0,False,Geen tuin,,True,True,,C.V.-Ketel,,False,,True,True,False,Geen garage,,C:\Users\meesv\Downloads\Selectie-10112025_2050 (2).rtf,,
"Utrechtsestraat 8 1, 1017 VN Amsterdam",Utrechtsestraat,8 1,1017VN,Amsterdam,525000.0,525000.0,,2025-02-26,2025-03-17,2025-04-11,16.0,61.0,2.0,1.0,1.0,,1906.0,Appartement,Bovenwoning,B,Goed,Goed,183.0,False,Geen tuin,,False,False,,C.V.-Ketel,C.V.-Ketel,False,,True,True,False,Geen garage,,C:\Users\meesv\Downloads\Selectie-10112025_1606 (4).rtf,,
"Molenbeekstraat 8 H, 1078 XC Amsterdam",Molenbeekstraat,8 H,1078XC,Amsterdam,786000.0,675000.0,,2025-05-21,2025-09-23,2025-09-15,20.0,71.0,3.0,2.0,1.0,,1931.0,Appartement,Benedenwoning,C,Goed,Goed,100.0,True,Achtertuin,29.0,False,False,,C.V.-Ketel,C.V.-Ketel,False,,True,True,False,Geen garage,,C:\Users\meesv\Downloads\Selectie-09112025_0825 (1).rtf,,
"Rozengracht 214 A3, 1016 NL Amsterdam",Rozengracht,214 A3,1016NL,Amsterdam,670000.0,650000.0,,2025-02-19,2025-07-29,2025-05-21,65.0,77.0,3.0,2.0,1.0,,1893.0,Appartement,Bovenwoning,A,Goed,Goed,,False,Geen tuin,,True,True,,C.V.-Ketel,C.V.-Ketel,False,,True,True,False,Geen garage,,C:\Users\meesv\Downloads\Realworks bestanden\Selectie-22102025_1207.rtf,,
"Oude-IJselstraat 24 1, 1078 CN Amsterdam ",Oude-IJselstraat,24 1,1078CN,Amsterdam,480000.0,485000.0,,2025-04-18,2025-07-04,2025-07-16,54.0,63.0,3.0,2.0,1.0,,1923.0,Appartement,Bovenwoning,C,Redelijk,Redelijk,,False,Geen tuin,,True,True,,C.V.-Ketel,C.V.-Ketel,False,,True,True,False,Geen garage,,C:\Users\meesv\Downloads\Selectie-10112025_1510 (5).rtf,,
"Jekerstraat 110 1, 1078 MJ Amsterdam",Jekerstraat,110 1,1078MJ,Amsterdam,775000.0,675000.0,,2024-11-22,2024-12-17,2025-03-14,19.0,79.0,5.0,3.0,1.0,,1928.0,Appartement,Bovenwoning,D,Goed,Goed,128.21,False,Geen tuin,,True,True,,C.V.-Ketel,C.V.-Ketel,False,,True,True,False,Geen garage,,C:\Users\meesv\Downloads\Selectie-10112025_2103 (1).rtf,,
"Prinsengracht 382 3, 1016 JA Amsterdam",Prinsengracht,382 3,1016JA,Amsterdam,525000.0,525000.0,,2025-11-03,,,8.0,50.0,3.0,1.0,1.0,,1933.0,Appartement,Bovenwoning,,Goed,Goed,150.0,False,Geen tuin,,True,True,,C.V.-Ketel,C.V.-Ketel,False,,True,True,False,Geen garage,,C:\Users\meesv\Downloads\Selectie-10112025_1552 (2).rtf,,
"Elandsgracht 122 2, 1016 VB Amsterdam",Elandsgracht,122 2,1016VB,Amsterdam,572500.0,575000.0,,2025-05-07,2025-07-18,2025-07-21,73.0,59.0,4.0,1.0,1.0,,1932.0,Appartement,Bovenwoning,E,Goed,Goed,,False,Geen tuin,,True,True,,C.V.-Ketel,C.V.-Ketel,False,,True,True,False,Geen garage,,C:\Users\meesv\Downloads\Realworks bestanden\Selectie-22102025_1210.rtf,,
"Lijnbaansgracht 341 D, 1017 XA Amsterdam",Lijnbaansgracht,341 D,1017XA,Amsterdam,815000.0,790000.0,,2025-05-23,2025-08-22,2025-08-22,84.0,66.0,4.0,3.0,2.0,,1750.0,Appartement,Bovenwoning,C,Goed,Goed,,False,Geen tuin,,False,True,,C.V.-Ketel,C.V.-Ketel,False,,True,True,False,Geen garage,,C:\Users\meesv\Downloads\Realworks bestanden\Selectie-22102025_1221.rtf,,
"Keizersgracht 515 G, 1017 DN Amsterdam",Keizersgracht,515 G,1017DN,Amsterdam,1095000.0,1095000.0,,2025-05-20,,,360.0,87.0,3.0,2.0,1.0,,1906.0,Appartement,Bovenwoning,,Uitstekend,Uitstekend,210.46,False,Geen tuin,,False,False,,C.V.-Ketel,C.V.-Ketel,False,,True,True,False,Geen garage,,C:\Users\meesv\Downloads\Selectie-10112025_1552 (1).rtf,,
"Weteringschans 245 1, 1017 XJ Amsterdam",Weteringschans,245 1,1017XJ,Amsterdam,640000.0,585000.0,,2024-07-05,2024-08-22,2024-08-20,19.0,65.0,3.0,1.0,1.0,,1870.0,Appartement,,,Goed,Uitstekend,150.76,False,Geen tuin,,True,True,,,C.V.-Ketel,False,,True,True,False,Geen garage,,C:\Users\meesv\Downloads\Stamkaart-04102025_1422.rtf,,
"Lijnbaansgracht 326 A, 1017 XA Amsterdam",Lijnbaansgracht,326 A,1017XA,Amsterdam,515000.0,500000.0,,2025-07-07,2025-07-30,2025-09-15,21.0,46.0,2.0,1.0,1.0,,1906.0,Appartement,,C,Goed,Goed,141.0,False,Geen tuin,,False,False,,C.V.-Ketel,C.V.-Ketel,False,,True,True,False,Geen garage,,C:\Users\meesv\Downloads\Realworks bestanden\Selectie-22102025_1221.rtf,,
"Elandsgracht 57 D, 1016 TN Amsterdam",Elandsgracht,57 D,1016TN,Amsterdam,360000.0,349000.0,,2025-07-04,2025-09-02,2025-09-18,43.0,25.0,1.0,,1.0,,1896.0,Appartement,Bovenwoning,C,Uitstekend,Goed,97.02,False,Geen tuin,,False,False,,,,False,,True,True,False,Geen garage,,C:\Users\meesv\Downloads\Realworks bestanden\Selectie-22102025_1210.rtf,,
"Utrechtsestraat 127 B, 1017 VM Amsterdam",Utrechtsestraat,127 B,1017VM,Amsterdam,1800000.0,1195000.0,,2025-01-08,2025-03-19,2025-06-30,71.0,150.0,6.0,3.0,2.0,,1905.0,Appartement,Bovenwoning,E,Goed,Goed,,False,Geen tuin,,False,True,,C.V.-Ketel,C.V.-Ketel,False,,True,True,False,Geen garage,,C:\Users\meesv\Downloads\Selectie-10112025_1606 (4).rtf,,
"Elandsstraat 38 C, 1016 SG Amsterdam",Elandsstraat,38 C,1016SG,Amsterdam,940000.0,950000.0,,2024-10-16,2024-12-13,2025-02-27,55.0,110.0,3.0,2.0,1.0,,1852.0,Appartement,Bovenwoning,,Goed,Goed,,False,Geen tuin,,False,True,,C.V.-Ketel,C.V.-Ketel,False,,True,True,False,Geen garage,,C:\Users\meesv\Downloads\Selectie-09112025_1402 (2).rtf,,
"Elandsstraat 46, 1016 SG Amsterdam",Elandsstraat,46,1016SG,Amsterdam,710000.0,650000.0,,2024-05-22,2024-09-02,2024-09-02,23.0,69.0,2.0,1.0,1.0,,2017.0,Appartement,Benedenwoning,A,Goed,Goed,153.98,True,Achtertuin,14.0,False,False,,C.V.-Ketel,C.V.-Ketel,False,,True,True,False,Geen garage,,C:\Users\meesv\Downloads\Selectie-09112025_1402 (2).rtf,,
"Prinsengracht 373 B, 1016 HL Amsterdam",Prinsengracht,373 B,1016HL,Amsterdam,695000.0,695000.0,,2025-05-12,,,183.0,71.0,2.0,1.0,1.0,,1730.0,Appartement,Bovenwoning,B,Goed,Goed,190.0,False,Geen tuin,,False,False,,C.V.-Ketel,C.V.-Ketel,False,,True,True,False,Geen garage,,C:\Users\meesv\Downloads\Selectie-10112025_1552 (2).rtf,,
"Prinsengracht 301 C, 1016 GX Amsterdam",Prinsengracht,301 C,1016GX,Amsterdam,1195000.0,1195000.0,,2025-06-02,,,162.0,122.0,4.0,3.0,1.0,,1720.0,Appartement,Benedenwoning,,Goed,Goed,322.0,True,Achtertuin,60.0,False,False,,C.V.-Ketel,C.V.-Ketel,False,,True,True,False,Geen garage,,C:\Users\meesv\Downloads\Selectie-10112025_1552 (2).rtf,,
"Lijnbaansgracht 293, 1017 RM Amsterdam",Lijnbaansgracht,293,1017RM,Amsterdam,1285000.0,1245000.0,,2025-06-26,2025-09-30,2025-09-30,36.0,146.0,4.0,2.0,1.0,,1725.0,Woonhuis,,,Goed,Goed,,True,Achtertuin,,False,True,,C.V.-Ketel,C.V.-Ketel,False,,True,True,False,Geen garage,,C:\Users\meesv\Downloads\Realworks bestanden\Selectie-22102025_1221.rtf,,
"Prinsengracht 355 A, 1016 HK Amsterdam",Prinsengracht,355 A,1016HK,Amsterdam,1085000.0,1085000.0,,2025-09-11,,,187.0,111.0,5.0,2.0,1.0,,1906.0,Appartement,Benedenwoning,,Goed,Goed,403.0,True,Achtertuin,18.0,False,False,,C.V.-Ketel,C.V.-Ketel,False,,True,True,False,Geen garage,,C:\Users\meesv\Downloads\Selectie-10112025_1552 (2).rtf,,
"Prinsengracht 280 D, 1016 HJ Amsterdam",Prinsengracht,280 D,1016HJ,Amsterdam,595000.0,595000.0,,2025-09-23,,,49.0,68.0,3.0,2.0,1.0,,1680.0,Appartement,Benedenwoning,C,Goed,Goed,150.0,False,Geen tuin,,False,False,,C.V.-Ketel,C.V.-Ketel,False,,True,True,False,Geen garage,,C:\Users\meesv\Downloads\Selectie-10112025_1552 (2).rtf,,
"Passeerdersstraat 20 B, 1016 XC Amsterdam",Passeerdersstraat,20 B,1016XC,Amsterdam,550000.0,550000.0,,2025-02-12,2025-03-08,2025-03-11,21.0,66.0,3.0,2.0,1.0,,1981.0,Appartement,Bovenwoning,B,Redelijk,Goed,233.0,False,Geen tuin,,True,True,,C.V.-Ketel,Elektrisch,False,,True,True,False,Geen garage,,C:\Users\meesv\Downloads\Selectie-09112025_1402 (3).rtf,,
"Elandsstraat 41, 1016 RX Amsterdam",Elandsstraat,41,1016RX,Amsterdam,650000.0,585000.0,,2024-02-28,2024-04-16,2024-04-16,27.0,61.0,3.0,2.0,1.0,,2000.0,Appartement,Bovenwoning,A,Goed,Goed,,False,Geen tuin,,True,True,,C.V.-Ketel,C.V.-Ketel,False,,True,True,False,Geen garage,,C:\Users\meesv\Downloads\Selectie-09112025_1402 (2).rtf,,
"Lauriergracht 123 4, 1016 RK Amsterdam",Lauriergracht,123 4,1016RK,Amsterdam,1345000.0,1400000.0,,2025-05-26,2025-08-27,2025-08-27,73.0,188.0,5.0,4.0,3.0,2.0,1915.0,Appartement,Bovenwoning,,Goed,Goed,,False,Geen tuin,,False,False,,C.V.-Ketel,C.V.-Ketel,False,,True,True,False,Geen garage,,C:\Users\meesv\Downloads\Realworks bestanden\Selectie-22102025_1218.rtf,,
"Utrechtsedwarsstraat 10, 1017 WG Amsterdam",Utrechtsedwarsstraat,10,1017WG,Amsterdam,900000.0,950000.0,,2025-07-23,2025-10-10,2025-12-15,72.0,82.0,5.0,4.0,2.0,2.0,1906.0,Woonhuis,,,Goed,Goed,,False,Geen tuin,,False,True,,,,False,,True,True,False,Geen garage,,C:\Users\meesv\Downloads\Selectie-10112025_1606 (2).rtf,,
"Deurloostraat 109 2, 1078 HW Amsterdam",Deurloostraat,109 2,1078HW,Amsterdam,775000.0,750000.0,,2025-02-05,2025-03-05,2025-03-04,28.0,82.0,5.0,2.0,1.0,,1929.0,Appartement,Bovenwoning,E,Goed,Goed,200.0,False,Geen tuin,,True,True,,C.V.-Ketel,C.V.-Ketel,False,,True,True,False,Geen garage,,C:\Users\meesv\Downloads\Selectie-10112025_2049 (1).rtf,,
"Reggestraat 65, 1078 CX Amsterdam",Reggestraat,65,1078CX,Amsterdam,545000.0,500000.0,,2024-11-22,2025-01-24,2025-01-24,50.0,68.0,3.0,2.0,1.0,,1925.0,Appartement,Bovenwoning,C,Goed,Goed,112.95,False,Geen tuin,,False,False,,C.V.-Ketel,C.V.-Ketel,False,,True,True,False,Geen garage,,C:\Users\meesv\Downloads\Selectie-09112025_0826 (1).rtf,,
"Rozengracht 23 F, 1016 LR Amsterdam",Rozengracht,23 F,1016LR,Amsterdam,450000.0,450000.0,,2025-10-07,,,16.0,42.0,2.0,1.0,1.0,,2008.0,Appartement,Portiek,A,Goed,Goed,137.0,False,Geen tuin,,True,False,,C.V.-Ketel,C.V.-Ketel,False,,True,True,False,Geen garage,,C:\Users\meesv\Downloads\Realworks bestanden\Selectie-22102025_1207.rtf,,
"Keizersgracht 494 A, 1017 EH Amsterdam",Keizersgracht,494 A,1017EH,Amsterdam,2250000.0,2250000.0,,2025-09-22,,,50.0,160.0,4.0,2.0,3.0,3.0,1906.0,Appartement,Benedenwoning,,Goed,Goed,380.0,True,Achtertuin,100.0,False,False,,C.V.-Ketel,C.V.-Ketel,False,,True,True,False,Geen garage,,C:\Users\meesv\Downloads\Selectie-10112025_1552 (1).rtf,,
"Jekerstraat 61 1, 1078 MA Amsterdam",Jekerstraat,61 1,1078MA,Amsterdam,845000.0,850000.0,,2024-11-14,2025-01-24,2025-02-26,72.0,100.0,3.0,2.0,1.0,,1930.0,Appartement,Bovenwoning,D,Goed,Goed,100.0,False,Geen tuin,,True,True,,C.V.-Ketel,C.V.-Ketel,False,,True,True,False,Geen garage,,C:\Users\meesv\Downloads\Selectie-10112025_2103 (1).rtf,,
"Prinsengracht 1033 C, 1017 KP Amsterdam",Prinsengracht,1033 C,1017KP,Amsterdam,1300000.0,1300000.0,,2025-06-27,,,137.0,119.0,5.0,2.0,1.0,,1680.0,Appartement,Benedenwoning,A,Goed,Goed,320.0,True,Achtertuin,,False,False,,,,False,,True,True,False,Geen garage,,C:\Users\meesv\Downloads\Selectie-10112025_1552 (2).rtf,,
"Eerste Tuindwarsstraat 14 3, 1015 RV Amsterdam",Eerste Tuindwarsstraat,14 3,1015RV,Amsterdam,537500.0,520000.0,,2024-09-16,2024-11-20,2024-11-25,18.0,52.0,2.0,1.0,1.0,,1879.0,Appartement,Bovenwoning,,Goed,Goed,,False,Geen tuin,,False,False,,C.V.-Ketel,,False,,True,True,False,Geen garage,,C:\Users\meesv\Downloads\Selectie-18102025_1511 (1).rtf,,
"Lauriergracht 92 1, 1016 RN Amsterdam",Lauriergracht,92 1,1016RN,Amsterdam,1420000.0,1250000.0,,2025-04-14,2025-07-08,2025-10-15,43.0,169.0,5.0,4.0,2.0,2.0,1839.0,Appartement,Bovenwoning,B,Goed,Goed,54.87,False,,,False,True,,C.V.-Ketel,C.V.-Ketel,False,,True,True,False,Geen garage,,C:\Users\meesv\Downloads\Realworks bestanden\Selectie-22102025_1218.rtf,,
"Deurloostraat 59 H, 1078 HT Amsterdam",Deurloostraat,59 H,1078HT,Amsterdam,882000.0,900000.0,,2025-05-13,2025-11-05,2025-10-15,59.0,107.0,6.0,3.0,1.0,,1929.0,Appartement,,D,Goed,Goed,202.79,True,Achtertuin,9.0,False,False,,C.V.-Ketel,C.V.-Ketel,False,,True,True,False,Geen garage,,C:\Users\meesv\Downloads\Selectie-10112025_2049 (1).rtf,,
"Eerste Laurierdwarsstraat 22, 1016 PZ Amsterdam",Eerste Laurierdwarsstraat,22,1016PZ,Amsterdam,2000000.0,2000000.0,,2024-12-17,2025-04-04,,109.0,118.0,,,,,1831.0,Woonhuis,,,,,,False,,,False,False,,,,False,,False,False,False,,,C:\Users\meesv\Downloads\Realworks bestanden\Selectie-22102025_1126.rtf,,
"Keizersgracht 30 A, 1015 CR Amsterdam",Keizersgracht,30 A,1015CR,Amsterdam,1495000.0,1495000.0,,2025-09-15,,,57.0,126.0,3.0,2.0,2.0,,1992.0,Appartement,Bovenwoning,A,Goed,Goed,425.95,True,Patio,,True,True,,C.V.-Ketel,C.V.-Ketel,False,,True,True,False,,,C:\Users\meesv\Downloads\Selectie-10112025_1552 (1).rtf,,
"Keizersgracht 245 A, 1016 EB Amsterdam",Keizersgracht,245 A,1016EB,Amsterdam,975000.0,975000.0,,2025-10-31,,,11.0,82.0,3.0,2.0,1.0,,1625.0,Appartement,Benedenwoning,,Uitstekend,Goed,172.97,False,Geen tuin,,False,False,,C.V.-Ketel,C.V.-Ketel,False,,True,True,False,Geen garage,,C:\Users\meesv\Downloads\Selectie-10112025_1552 (1).rtf,,
"Keizersgracht 18 B, 1015 CP Amsterdam",Keizersgracht,18 B,1015CP,Amsterdam,1500000.0,1500000.0,,2025-09-03,,,69.0,130.0,4.0,2.0,2.0,2.0,1886.0,Appartement,,,Goed,Goed,264.0,False,Geen tuin,,True,True,,C.V.-Ketel,C.V.-Ketel,False,,True,True,False,Geen garage,,C:\Users\meesv\Downloads\Selectie-10112025_1552 (1).rtf,,
"Lijnbaansgracht 84 2, 1015 GZ Amsterdam",Lijnbaansgracht,84 2,1015GZ,Amsterdam,525000.0,520000.0,,2024-11-04,2025-01-08,2025-01-07,17.0,64.0,4.0,2.0,1.0,,1870.0,Appartement,Bovenwoning,G,Goed,Goed,117.0,False,Geen tuin,,False,True,,C.V.-Ketel,C.V.-Ketel,False,,True,True,False,Geen garage,,C:\Users\meesv\Downloads\Realworks bestanden\Selectie-22102025_1221.rtf,,
"Biesboschstraat 89 1, 1078 MR Amsterdam",Biesboschstraat,89 1,1078MR,Amsterdam,715000.0,699000.0,,2025-07-30,2025-11-08,2025-10-28,56.0,84.0,4.0,2.0,1.0,,1930.0,Appartement,Bovenwoning,D,Goed,Goed,280.45,False,Geen tuin,,True,True,,C.V.-Ketel,C.V.-Ketel,False,,True,True,False,Geen garage,,C:\Users\meesv\Downloads\Selectie-10112025_1511.rtf,,
"Oude-IJselstraat 3 H, 1078 CL Amsterdam",Oude-IJselstraat,3 H,1078CL,Amsterdam,471551.0,445000.0,,2025-07-23,2025-09-16,2025-10-14,28.0,55.0,2.0,1.0,,,1926.0,Appartement,Benedenwoning,E,Goed,Goed,230.0,False,Geen tuin,,False,False,,,,False,,True,True,False,Geen garage,,C:\Users\meesv\Downloads\Selectie-10112025_1510 (5).rtf,,
"Elandsgracht 103 A, 1016 TS Amsterdam",Elandsgracht,103 A,1016TS,Amsterdam,945103.0,950000.0,,2024-11-14,2025-02-21,2025-02-14,57.0,113.0,4.0,3.0,1.0,,1906.0,Appartement,Benedenwoning,A,Uitstekend,Goed,282.0,True,Achtertuin,18.0,True,False,,C.V.-Ketel,C.V.-Ketel,False,,True,True,False,Geen garage,,C:\Users\meesv\Downloads\Realworks bestanden\Selectie-22102025_1210.rtf,,
"Herengracht 391 C, 1016 BC Amsterdam",Herengracht,391 C,1016BC,Amsterdam,1295000.0,1295000.0,,2025-09-15,,,57.0,135.0,4.0,3.0,2.0,,1650.0,Appartement,Bovenwoning,,Redelijk,Goed,349.02,False,,,False,True,,C.V.-Ketel,C.V.-Ketel,False,,True,True,False,Geen garage,,C:\Users\meesv\Downloads\Selectie-10112025_1552 (3).rtf,,
"Keizersgracht 412 C, 1016 GC Amsterdam",Keizersgracht,412 C,1016GC,Amsterdam,800000.0,800000.0,,2025-09-23,,,49.0,88.0,4.0,2.0,2.0,,1881.0,Appartement,,,Goed,Goed,180.0,False,Geen tuin,,False,False,,C.V.-Ketel,C.V.-Ketel,False,,True,True,False,Geen garage,,C:\Users\meesv\Downloads\Selectie-10112025_1552 (1).rtf,,
"Lijnbaansgracht 369 F, 1017 XB Amsterdam",Lijnbaansgracht,369 F,1017XB,Amsterdam,1450000.0,1380000.0,,2025-01-06,2025-03-24,2025-04-07,33.0,162.0,4.0,3.0,1.0,,2006.0,Appartement,,A+,Goed,Goed,235.26,False,Geen tuin,,False,False,,C.V.-Ketel,C.V.-Ketel,False,,True,True,False,,,C:\Users\meesv\Downloads\Realworks bestanden\Selectie-22102025_1221.rtf,,
"Schipbeekstraat 19 2, 1078 BK Amsterdam",Schipbeekstraat,19 2,1078BK,Amsterdam,518500.0,495000.0,,2025-07-04,2025-09-04,2025-09-04,63.0,64.0,2.0,1.0,,,1924.0,Appartement,,C,Goed,Goed,47.25,False,Geen tuin,,True,True,,C.V.-Ketel,C.V.-Ketel,False,,True,True,False,Geen garage,,C:\Users\meesv\Downloads\Selectie-09112025_0825.rtf,,
"Prinsengracht 102, 1015 EA Amsterdam",Prinsengracht,102,1015EA,Amsterdam,1100000.0,1100000.0,,2025-09-24,,,48.0,119.0,6.0,4.0,2.0,2.0,1630.0,Woonhuis,,,Goed,Goed,,False,,,False,True,,C.V.-Ketel,C.V.-Ketel,False,,True,True,False,Geen garage,,C:\Users\meesv\Downloads\Selectie-10112025_1552 (2).rtf,,
"Laurierstraat 38 1, 1016 PN Amsterdam",Laurierstraat,38 1,1016PN,Amsterdam,518000.0,485000.0,,2025-06-23,2025-09-19,2025-09-22,57.0,43.0,2.0,1.0,1.0,,1899.0,Appartement,,B,Goed,Goed,65.0,False,Geen tuin,,True,True,,C.V.-Ketel,C.V.-Ketel,False,,True,True,False,Geen garage,,C:\Users\meesv\Downloads\Selectie-09112025_1403.rtf,,
"Biesboschstraat 27, 1078 ML Amsterdam",Biesboschstraat,27,1078ML,Amsterdam,1280000.0,1000000.0,,2025-05-23,2025-06-23,2025-10-16,26.0,102.0,4.0,3.0,1.0,,1930.0,Appartement,Benedenwoning,A,Goed,Goed,150.0,True,Achtertuin,6280.0,False,False,,C.V.-Ketel,C.V.-Ketel,False,,True,True,False,Geen garage,,C:\Users\meesv\Downloads\Selectie-10112025_1511.rtf,,
"Geleenstraat 17 2, 1078 LC Amsterdam",Geleenstraat,17 2,1078LC,Amsterdam,775007.0,695000.0,,2025-09-25,2025-10-21,2026-01-06,22.0,81.0,3.0,2.0,1.0,,1944.0,Appartement,Bovenwoning,C,Goed,Goed,200.0,False,Geen tuin,,True,True,,C.V.-Ketel,,False,,True,True,False,Geen garage,,C:\Users\meesv\Downloads\Selectie-10112025_2051 (1).rtf,,
"Lijnbaansgracht 130 B, 1016 VV Amsterdam",Lijnbaansgracht,130 B,1016VV,Amsterdam,440000.0,425000.0,,2025-03-27,2025-08-22,2025-08-25,149.0,45.0,2.0,1.0,1.0,,1886.0,Appartement,Bovenwoning,D,Goed,Goed,148.0,False,Geen tuin,,False,False,,,,False,,True,True,False,Geen garage,,C:\Users\meesv\Downloads\Realworks bestanden\Selectie-22102025_1221.rtf,,
"Biesboschstraat 20 3, 1078 MS Amsterdam",Biesboschstraat,20 3,1078MS,Amsterdam,740000.0,750000.0,,2025-05-08,2025-09-02,2025-07-28,34.0,93.0,3.0,2.0,1.0,,1930.0,Appartement,Bovenwoning,B,Goed,Goed,148.0,False,Geen tuin,,True,True,,C.V.-Ketel,C.V.-Ketel,False,,True,True,False,Geen garage,,C:\Users\meesv\Downloads\Selectie-10112025_1511.rtf,,
