address_full,street,house_number,postal_code,city,sale_price,ask_price,sale_date,list_date,delist_date,transport_date,days_on_market,area_m2,rooms,bedrooms,bathrooms,toilets,year_built,type,subtype,energy_label,maintenance_inside,maintenance_outside,vve_monthly_fee,has_garden,garden_type,garden_area_m2,has_balcony,has_terrace,outdoor_text,heating,hot_water,has_lift,floor,has_storage,has_parking,has_garage,garage_type,notes,source_file,lat,lng
"Prinsengracht 81 A, 1015 DN Amsterdam",Prinsengracht,81 A,1015DN,Amsterdam,1350000.0,1350000.0,,2025-08-25,,,260.0,183.0,3.0,2.0,1.0,,1760.0,Appartement,Benedenwoning,,Goed,Goed,620.75,True,Achtertuin,12.0,False,True,,C.V.-Ketel,C.V.-Ketel,False,,True,True,False,Geen garage,,C:\Users\meesv\Downloads\Selectie-10112025_1552 (2).rtf,52.378775,4.8872679
"Laurierstraat 36 H, 1016 PM Amsterdam",Laurierstraat,36 H,1016PM,Amsterdam,818000.0,750000.0,,2024-09-02,2024-10-14,2024-10-14,19.0,75.0,3.0,2.0,1.0,,1835.0,Appartement,Benedenwoning,A,Goed,Goed,152.0,True,Achtertuin,9.0,False,False,,C.V.-Ketel,C.V.-Ketel,False,,True,True,False,Geen garage,,C:\Users\meesv\Downloads\Selectie-09112025_1403.rtf,52.3724881,4.8818464
"Oude-IJselstraat 7 2, 1078 CL Amsterdam",Oude-IJselstraat,7 2,1078CL,Amsterdam,485000.0,425000.0,,2025-09-25,2025-11-03,2026-01-05,21.0,51.0,2.0,1.0,1.0,,1934.0,Appartement,Bovenwoning,E,Goed,Goed,239.0,False,Geen tuin,,True,True,,C.V.-Ketel,C.V.-Ketel,False,,True,True,False,Geen garage,,C:\Users\meesv\Downloads\Selectie-10112025_1510 (5).rtf,52.3478522,4.9012212
"Lijnbaansgracht 188 H, 1016 XA Amsterdam",Lijnbaansgracht,188 H,1016XA,Amsterdam,625000.0,600000.0,,2025-01-20,2025-05-07,2025-05-07,82.0,64.0,4.0,2.0,1.0,,1944.0,Appartement,Benedenwoning,C,Goed,Goed,100.0,True,Patio,,False,False,,C.V.-Ketel,C.V.-Ketel,False,,True,True,False,Geen garage,,C:\Users\meesv\Downloads\Realworks bestanden\Selectie-22102025_1221.rtf,52.3685561,4.8787793
"Berkelstraat 15 1, 1078 CV Amsterdam",Berkelstraat,15 1,1078CV,Amsterdam,492000.0,475000.0,,2024-11-25,2025-02-10,2025-05-24,78.0,63.0,3.0,2.0,,,1925.0,Appartement,,C,Goed,Goed,193.0,False,Geen tuin,,True,False,,,,False,,True,True,False,Geen garage,,C:\Users\meesv\Downloads\Selectie-09112025_0825 (2).rtf,52.3479167,4.9037593
"Laurierstraat 38 2, 1016 PN Amsterdam",Laurierstraat,38 2,1016PN,Amsterdam,510000.0,425000.0,,2024-05-30,2024-06-19,2024-07-15,16.0,43.0,2.0,1.0,1.0,,1899.0,Appartement,,B,Goed,Goed,65.0,False,Geen tuin,,True,True,,C.V.-Ketel,C.V.-Ketel,False,,True,True,False,Geen garage,,C:\Users\meesv\Downloads\Selectie-09112025_1403.rtf,52.3724695,4.8817735
"Tuinstraat 71 3, 1015 NZ Amsterdam",Tuinstraat,71 3,1015NZ,Amsterdam,710000.0,650000.0,,2024-11-10,2025-04-28,2024-12-25,31.0,73.0,4.0,2.0,1.0,,1906.0,Appartement,Bovenwoning,E,Goed,Goed,234.65,False,Geen tuin,,False,True,,C.V.-Ketel,C.V.-Ketel,False,,True,True,False,Geen garage,,C:\Users\meesv\Downloads\Selectie-18102025_1507.rtf,52.3771936,4.8832323
"Hazenstraat 15 3, 1016 SM Amsterdam",Hazenstraat,15 3,1016SM,Amsterdam,407000.0,400000.0,,2025-06-27,2025-08-05,2025-08-29,35.0,37.0,2.0,1.0,1.0,,1933.0,Appartement,Bovenwoning,G,Goed,Goed,213.0,False,Geen tuin,,False,False,,C.V.-Ketel,C.V.-Ketel,False,,True,True,False,Geen garage,,C:\Users\meesv\Downloads\Selectie-09112025_0800.rtf,52.3707628,4.8799139
"Keizersgracht 707 2, 1017 DW Amsterdam",Keizersgracht,707 2,1017DW,Amsterdam,635000.0,635000.0,,2025-09-18,,,125.0,68.0,4.0,2.0,1.0,,1904.0,Appartement,,,Goed,Goed,159.28,False,Geen tuin,,False,False,,C.V.-Ketel,C.V.-Ketel,False,,True,True,False,Geen garage,,C:\Users\meesv\Downloads\Selectie-10112025_1552 (1).rtf,52.3639902,4.8980199
"Keizersgracht 391 C, 1016 EJ Amsterdam",Keizersgracht,391 C,1016EJ,Amsterdam,699000.0,699000.0,,2025-08-26,,,77.0,72.0,3.0,2.0,1.0,,1671.0,Appartement,,,Redelijk,Redelijk,95.08,False,Geen tuin,,False,False,,,,False,,True,True,False,Geen garage,,C:\Users\meesv\Downloads\Selectie-10112025_1552 (1).rtf,52.3678964,4.8848775
"Elandsgracht 103 A, 1016 TS Amsterdam",Elandsgracht,103 A,1016TS,Amsterdam,945103.0,950000.0,,2024-11-14,2025-02-21,2025-02-14,57.0,113.0,4.0,3.0,1.0,,1906.0,Appartement,Benedenwoning,A,Uitstekend,Goed,282.0,True,Achtertuin,18.0,True,False,,C.V.-Ketel,C.V.-Ketel,False,,True,True,False,Geen garage,,C:\Users\meesv\Downloads\Realworks bestanden\Selectie-22102025_1210.rtf,52.368942,4.8791735
"Elandsgracht 97 H, 1016 TS Amsterdam",Elandsgracht,97 H,1016TS,Amsterdam,515000.0,450000.0,,2025-05-01,2025-07-16,2025-07-16,27.0,48.0,3.0,1.0,1.0,,1939.0,Appartement,Bovenwoning,,Goed,Goed,145.8,False,Geen tuin,,True,True,,C.V.-Ketel,C.V.-Ketel,False,,True,True,False,Geen garage,,C:\Users\meesv\Downloads\Realworks bestanden\Selectie-22102025_1210.rtf,52.3689891,4.8793175
"Jekerstraat 110 3, 1078 MJ Amsterdam",Jekerstraat,110 3,1078MJ,Amsterdam,850000.0,799000.0,,2025-06-27,2025-08-28,2025-10-03,40.0,92.0,4.0,3.0,2.0,,1930.0,Appartement,Bovenwoning,C,Goed,Goed,175.19,False,Geen tuin,,True,True,,C.V.-Ketel,C.V.-Ketel,False,,True,True,False,Geen garage,,C:\Users\meesv\Downloads\Selectie-10112025_2103 (1).rtf,52.345672,4.8955945
"Prinsengracht 395, 1016 HL Amsterdam",Prinsengracht,395,1016HL,Amsterdam,450000.0,450000.0,,2025-10-02,,,40.0,46.0,3.0,1.0,1.0,,1755.0,Appartement,Bovenwoning,,Goed,Goed,,False,Geen tuin,,False,False,,C.V.-Ketel,C.V.-Ketel,False,,True,True,False,Geen garage,,C:\Users\meesv\Downloads\Selectie-10112025_1552 (2).rtf,52.3714608,4.8834591
"Keizersgracht 758 1V, 1017 EZ Amsterdam",Keizersgracht,758 1V,1017EZ,Amsterdam,599000.0,599000.0,,2025-05-15,,,180.0,58.0,3.0,1.0,,,1930.0,Appartement,,,Uitstekend,Goed,203.95,False,,,False,True,,,elektrisch,False,,True,True,False,Geen garage,,C:\Users\meesv\Downloads\Selectie-10112025_1552 (1).rtf,52.3634864,4.8979521
"Lijnbaansgracht 226, 1017 PH Amsterdam",Lijnbaansgracht,226,1017PH,Amsterdam,480000.0,450000.0,,2024-11-22,2025-02-18,2025-02-24,60.0,51.0,3.0,2.0,1.0,,1981.0,Appartement,Bovenwoning,B,Goed,Goed,234.38,False,Geen tuin,,True,True,,C.V.-Ketel,C.V.-Ketel,False,,True,True,False,Geen garage,,C:\Users\meesv\Downloads\Realworks bestanden\Selectie-22102025_1221.rtf,52.365027,4.8816675
"Passeerdersstraat 51 B, 1016 XB Amsterdam",Passeerdersstraat,51 B,1016XB,Amsterdam,750000.0,750000.0,,2025-02-11,2025-04-11,2025-04-11,48.0,91.0,3.0,2.0,1.0,,1999.0,Appartement,Bovenwoning,B,Goed,Goed,190.68,False,Geen tuin,,True,True,,C.V.-Ketel,C.V.-Ketel,False,,True,True,False,Geen garage,,C:\Users\meesv\Downloads\Selectie-09112025_1402 (3).rtf,52.367422,4.8805684
"Keizersgracht 2 H, 1015 CN Amsterdam",Keizersgracht,2 H,1015CN,Amsterdam,2000000.0,2000000.0,,2025-07-31,,,103.0,235.0,8.0,4.0,1.0,,1906.0,Woonhuis,,,Redelijk,Redelijk,,True,Achtertuin,6.0,True,True,,C.V.-Ketel,C.V.-Ketel,False,,True,True,False,Geen garage,,C:\Users\meesv\Downloads\Selectie-10112025_1552 (1).rtf,52.3795839,4.8893733
"Elandsgracht 144 3, 1016 VC Amsterdam",Elandsgracht,144 3,1016VC,Amsterdam,486500.0,400000.0,,2024-11-22,2025-01-08,2025-02-28,20.0,49.0,3.0,2.0,1.0,,1913.0,Appartement,Bovenwoning,C,Goed,Goed,125.0,False,Geen tuin,,False,False,,C.V.-Ketel,C.V.-Ketel,False,,True,True,False,Geen garage,,C:\Users\meesv\Downloads\Realworks bestanden\Selectie-22102025_1210.rtf,52.3690854,4.8785377
"Reguliersgracht 82 B, 1017 LV Amsterdam",Reguliersgracht,82 B,1017LV,Amsterdam,750000.0,750000.0,,2025-09-08,,,64.0,77.0,2.0,1.0,1.0,,1906.0,Appartement,Bovenwoning,,Goed,Goed,192.0,False,Geen tuin,,True,True,,C.V.-Ketel,C.V.-Ketel,False,,True,True,False,Geen garage,,C:\Users\meesv\Downloads\Selectie-10112025_1552 (4).rtf,52.3620394,4.8957512
"Utrechtsedwarsstraat 48 L, 1017 WG Amsterdam",Utrechtsedwarsstraat,48 L,1017WG,Amsterdam,400000.0,375000.0,,2025-06-18,2025-09-02,2025-09-23,69.0,40.0,1.0,1.0,1.0,,2007.0,Appartement,Bovenwoning,A,Goed,Goed,72.0,False,Geen tuin,,True,False,,C.V.-Ketel,C.V.-Ketel,False,,True,True,False,Geen garage,,C:\Users\meesv\Downloads\Selectie-10112025_1606 (2).rtf,52.3612042,4.8980653
"Keizersgracht 131 E, 1015 CJ Amsterdam",Keizersgracht,131 E,1015CJ,Amsterdam,1200000.0,1200000.0,,2025-06-23,,,141.0,112.0,2.0,1.0,1.0,,1880.0,Appartement,Bovenwoning,,Uitstekend,Goed,364.6,False,Geen tuin,,False,False,,C.V.-Ketel,C.V.-Ketel,False,,True,True,False,Geen garage,,C:\Users\meesv\Downloads\Selectie-10112025_1552 (1).rtf,52.3760872,4.887166
"Berkelstraat 17 3, 1078 CV Amsterdam",Berkelstraat,17 3,1078CV,Amsterdam,680000.0,700000.0,,2025-04-16,2025-05-19,2025-07-01,22.0,99.0,5.0,5.0,2.0,,1922.0,Appartement,Bovenwoning,C,Matig,Matig,67.0,False,Geen tuin,,True,True,,C.V.-Ketel,C.V.-Ketel,False,,True,True,False,Geen garage,,C:\Users\meesv\Downloads\Selectie-09112025_0825 (2).rtf,52.347836,4.9038046
"Deurloostraat 44 2, 1078 JC Amsterdam",Deurloostraat,44 2,1078JC,Amsterdam,715000.0,625000.0,,2025-03-20,2025-04-23,2025-05-16,29.0,92.0,4.0,3.0,1.0,,1933.0,Appartement,Bovenwoning,B,Redelijk,Redelijk,39.14,False,Geen tuin,,True,True,,C.V.-Ketel,C.V.-Ketel,False,,True,True,False,Geen garage,,C:\Users\meesv\Downloads\Selectie-10112025_2049 (1).rtf,52.3464396,4.8920789
"Diezestraat 11 H, 1078 JL Amsterdam",Diezestraat,11 H,1078JL,Amsterdam,1205000.0,975000.0,,2024-11-15,2025-01-24,2025-01-30,27.0,100.0,4.0,2.0,1.0,,1929.0,Appartement,Benedenwoning,D,Goed,Goed,190.24,True,Achtertuin,58.0,False,False,,C.V.-Ketel,C.V.-Ketel,False,,True,True,False,Geen garage,,C:\Users\meesv\Downloads\Selectie-09112025_0826.rtf,52.3458103,4.8920421
"Herengracht 441 B, 1017 BR Amsterdam",Herengracht,441 B,1017BR,Amsterdam,700000.0,700000.0,,2025-10-30,,,153.0,71.0,4.0,1.0,1.0,,1892.0,Appartement,Bovenwoning,C,Goed,Goed,170.0,False,,,True,True,,C.V.-Ketel,C.V.-Ketel,False,,True,True,False,Geen garage,,C:\Users\meesv\Downloads\Selectie-10112025_1552 (3).rtf,52.366765,4.8887983
"Elandsgracht 57 F, 1016 TN Amsterdam",Elandsgracht,57 F,1016TN,Amsterdam,535000.0,475000.0,,2025-03-13,2025-04-08,2025-04-16,27.0,50.0,2.0,1.0,1.0,,1906.0,Appartement,Bovenwoning,D,Goed,Goed,188.0,False,Geen tuin,,True,True,,C.V.-Ketel,C.V.-Ketel,False,,True,True,False,Geen garage,,C:\Users\meesv\Downloads\Realworks bestanden\Selectie-22102025_1210.rtf,52.369345,4.880473
"Lijnbaansgracht 204 A1, 1016 XA Amsterdam",Lijnbaansgracht,204 A1,1016XA,Amsterdam,710000.0,750000.0,,2025-06-10,2025-09-26,2025-10-09,91.0,96.0,3.0,2.0,2.0,,1901.0,Appartement,Bovenwoning,B,Goed,Goed,160.0,True,Patio,,False,False,,,,False,,True,True,False,Geen garage,,C:\Users\meesv\Downloads\Realworks bestanden\Selectie-22102025_1221.rtf,52.368099,4.8791511
"Deltastraat 11 H, 1078 PB Amsterdam",Deltastraat,11 H,1078PB,Amsterdam,965000.0,895000.0,,2025-08-29,2025-10-14,2025-11-28,25.0,90.0,2.0,2.0,1.0,,1930.0,Appartement,Benedenwoning,,Uitstekend,Uitstekend,309.41,True,Achtertuin,43.0,False,False,,C.V.-Ketel,C.V.-Ketel,False,,True,True,False,Geen garage,,C:\Users\meesv\Downloads\Selectie-10112025_2049 (3).rtf,52.3457709,4.9021538
"Keizersgracht 735 3, 1017 DZ Amsterdam",Keizersgracht,735 3,1017DZ,Amsterdam,1150000.0,1150000.0,,2025-10-23,,,19.0,115.0,4.0,2.0,1.0,,1906.0,Appartement,Bovenwoning,,Goed,Goed,,False,Geen tuin,,False,True,,C.V.-Ketel,C.V.-Ketel,False,,True,True,False,Geen garage,,C:\Users\meesv\Downloads\Selectie-10112025_1552 (1).rtf,52.3642929,4.8994112
"Lijnbaansgracht 351 1, 1017 XB Amsterdam",Lijnbaansgracht,351 1,1017XB,Amsterdam,497500.0,450000.0,,2024-11-22,2025-01-22,2025-01-27,46.0,48.0,2.0,1.0,1.0,,1959.0,Appartement,Bovenwoning,E,Goed,Goed,129.0,False,Geen tuin,,True,True,,C.V.-Ketel,C.V.-Ketel,False,,True,True,False,Geen garage,,C:\Users\meesv\Downloads\Realworks bestanden\Selectie-22102025_1221.rtf,52.3600457,4.8939676
"Utrechtsedwarsstraat 10, 1017 WG Amsterdam",Utrechtsedwarsstraat,10,1017WG,Amsterdam,900000.0,950000.0,,2025-07-23,2025-10-10,2025-12-15,72.0,82.0,5.0,4.0,2.0,2.0,1906.0,Woonhuis,,,Goed,Goed,,False,Geen tuin,,False,True,,,,False,,True,True,False,Geen garage,,C:\Users\meesv\Downloads\Selectie-10112025_1606 (2).rtf,52.360938,4.8967323
"Lijnbaansgracht 210 L, 1016 XA Amsterdam",Lijnbaansgracht,210 L,1016XA,Amsterdam,1037500.0,1100000.0,,2024-10-22,2025-04-29,2025-04-28,127.0,119.0,3.0,2.0,3.0,2.0,1991.0,Appartement,,C,Goed,Goed,309.01,False,,,False,True,,C.V.-Ketel,C.V.-Ketel,False,,True,True,False,Geen garage,,C:\Users\meesv\Downloads\Realworks bestanden\Selectie-22102025_1221.rtf,52.367383,4.8797032
"Eerste Looiersdwarsstraat 11 1, 1016 VL Amsterdam",Eerste Looiersdwarsstraat,11 1,1016VL,Amsterdam,1250000.0,1250000.0,,2025-09-16,,,42.0,152.0,7.0,5.0,2.0,2.0,1860.0,Appartement,Bovenwoning,E,Goed,Goed,100.0,False,Geen tuin,,False,True,,C.V.-Ketel,C.V.-Ketel,False,,True,True,False,Geen garage,,C:\Users\meesv\Downloads\Selectie-27102025_1750 (1).rtf,52.3692483,4.880988
"Lauriergracht 168 2, 1016 RV Amsterdam",Lauriergracht,168 2,1016RV,Amsterdam,500000.0,450000.0,,2025-01-31,2025-04-21,2025-06-12,32.0,47.0,2.0,1.0,1.0,,1935.0,Appartement,Bovenwoning,F,Goed,Goed,113.75,False,Geen tuin,,True,True,,C.V.-Ketel,C.V.-Ketel,False,,True,True,False,Geen garage,,C:\Users\meesv\Downloads\Realworks bestanden\Selectie-22102025_1218.rtf,52.3706799,4.8773739
"Jekerstraat 14 3, 1078 MC Amsterdam",Jekerstraat,14 3,1078MC,Amsterdam,727500.0,595000.0,,2025-07-10,2025-10-15,2025-10-01,35.0,84.0,5.0,2.0,1.0,,1929.0,Appartement,Bovenwoning,F,Redelijk,Redelijk,104.17,False,Geen tuin,,True,True,,C.V.-Ketel,C.V.-Ketel,False,,True,True,False,Geen garage,,C:\Users\meesv\Downloads\Selectie-10112025_2103 (1).rtf,52.3460999,4.8990091
"Prinsengracht 673 O, 1017 JT Amsterdam",Prinsengracht,673 O,1017JT,Amsterdam,650000.0,650000.0,,2025-11-04,,,7.0,100.0,2.0,1.0,1.0,,1860.0,Appartement,Benedenwoning,D,Goed,Goed,153.0,False,Geen tuin,,False,False,,C.V.-Ketel,C.V.-Ketel,False,,True,True,False,Geen garage,,C:\Users\meesv\Downloads\Selectie-10112025_1552 (2).rtf,52.3659698,4.8835226
"Prinsengracht 570 1, 1017 KR Amsterdam",Prinsengracht,570 1,1017KR,Amsterdam,1825000.0,1825000.0,,2025-10-06,,,61.0,206.0,6.0,5.0,4.0,3.0,1915.0,Appartement,Bovenwoning,E,Goed,Goed,141.0,False,,,False,True,,C.V.-Ketel,C.V.-Ketel,False,,True,True,False,Geen garage,,C:\Users\meesv\Downloads\Selectie-10112025_1552 (2).rtf,52.3624386,4.8880392
"Schipbeekstraat 9 2, 1078 BK Amsterdam",Schipbeekstraat,9 2,1078BK,Amsterdam,487083.0,475000.0,,2025-09-12,2025-10-29,2025-11-05,29.0,50.0,3.0,2.0,1.0,,1926.0,Appartement,Bovenwoning,D,Goed,Goed,129.63,False,Geen tuin,,False,False,,C.V.-Ketel,C.V.-Ketel,False,,True,True,False,Geen garage,,C:\Users\meesv\Downloads\Selectie-09112025_0825.rtf,52.3476868,4.8980824
"Lijnbaansgracht 213 3, 1016 XJ Amsterdam",Lijnbaansgracht,213 3,1016XJ,Amsterdam,595000.0,500000.0,,2025-05-07,2025-06-25,2025-06-26,27.0,55.0,3.0,2.0,1.0,,1940.0,Appartement,Portiek,D,Goed,Goed,,False,Geen tuin,,True,True,,C.V.-Ketel,C.V.-Ketel,False,,True,True,False,Geen garage,,C:\Users\meesv\Downloads\Realworks bestanden\Selectie-22102025_1221.rtf,52.3670503,4.8798536
"Laurierstraat 11 B, 1016 PG Amsterdam",Laurierstraat,11 B,1016PG,Amsterdam,1125000.0,1100000.0,,2024-11-18,2024-12-22,2024-12-30,26.0,96.0,3.0,2.0,1.0,,2001.0,Appartement,Bovenwoning,C,Uitstekend,Uitstekend,90.0,False,,,True,True,,C.V.-Ketel,C.V.-Ketel,False,,True,True,False,Geen garage,,C:\Users\meesv\Downloads\Selectie-09112025_1403.rtf,52.3724529,4.8822292
"Prinsengracht 15 K, 1015 DK Amsterdam",Prinsengracht,15 K,1015DK,Amsterdam,540000.0,540000.0,,2025-10-16,,,26.0,42.0,2.0,1.0,1.0,,1970.0,Woonhuis,,C,Redelijk,Redelijk,,False,Geen tuin,,False,False,,C.V.-Ketel,C.V.-Ketel,False,,True,True,False,Geen garage,,C:\Users\meesv\Downloads\Selectie-10112025_1552 (2).rtf,52.3798068,4.8879413
"Schipbeekstraat 7 1, 1078 BK Amsterdam",Schipbeekstraat,7 1,1078BK,Amsterdam,530000.0,450000.0,,2025-04-29,2025-07-14,2025-07-01,23.0,53.0,3.0,2.0,1.0,,1926.0,Appartement,Bovenwoning,C,Goed,Goed,135.59,False,Geen tuin,,True,True,,C.V.-Ketel,C.V.-Ketel,False,,True,True,False,Geen garage,,C:\Users\meesv\Downloads\Selectie-09112025_0825.rtf,52.3477316,4.898067
"Prinsengracht 551, 1016 HS Amsterdam",Prinsengracht,551,1016HS,Amsterdam,1950000.0,1950000.0,,2025-10-02,,,61.0,190.0,7.0,3.0,2.0,,1670.0,Woonhuis,,,Goed,Goed,,False,Geen tuin,,False,True,,C.V.-Ketel,C.V.-Ketel,False,,True,True,False,Geen garage,,C:\Users\meesv\Downloads\Selectie-10112025_1552 (2).rtf,52.368443,4.8829509
"Biesboschstraat 9 3, 1078 MK Amsterdam",Biesboschstraat,9 3,1078MK,Amsterdam,975000.0,975000.0,,2025-03-12,2025-06-25,2025-06-12,62.0,116.0,4.0,3.0,1.0,,1930.0,Appartement,Bovenwoning,C,Goed,Goed,,False,Geen tuin,,True,True,,C.V.-Ketel,C.V.-Ketel,False,,True,True,False,Geen garage,,C:\Users\meesv\Downloads\Selectie-10112025_1511.rtf,52.3452816,4.899033
"Tuinstraat 4 C, 1015 PE Amsterdam",Tuinstraat,4 C,1015PE,Amsterdam,1025000.0,1000000.0,,2025-06-16,2025-08-14,2025-08-29,33.0,94.0,3.0,2.0,2.0,2.0,1744.0,Appartement,Bovenwoning,A,Uitstekend,Uitstekend,65.0,False,Geen tuin,,True,True,,C.V.-Ketel,C.V.-Ketel,False,,True,True,False,Geen garage,,C:\Users\meesv\Downloads\Selectie-18102025_1507.rtf,52.377806,4.8855163
"Keizersgracht 267 2, 1016 EC Amsterdam",Keizersgracht,267 2,1016EC,Amsterdam,795000.0,795000.0,,2025-09-09,,,63.0,94.0,2.0,1.0,1.0,,1633.0,Appartement,Bovenwoning,,Goed,Goed,,False,Geen tuin,,False,True,,C.V.-Ketel,C.V.-Ketel,False,,True,True,False,Geen garage,,C:\Users\meesv\Downloads\Selectie-10112025_1552 (1).rtf,52.3712436,4.8852091
"Lijnbaansgracht 347 3, 1017 XB Amsterdam",Lijnbaansgracht,347 3,1017XB,Amsterdam,472000.0,450000.0,,2025-02-24,2025-04-17,2025-05-09,25.0,39.0,3.0,2.0,1.0,,1857.0,Appartement,Bovenwoning,D,Goed,Goed,225.0,False,Geen tuin,,False,False,,C.V.-Ketel,C.V.-Ketel,False,,True,True,False,Geen garage,,C:\Users\meesv\Downloads\Realworks bestanden\Selectie-22102025_1221.rtf,52.3600627,4.8936298
"Oude Looiersstraat 59 H, 1016 VH Amsterdam",Oude Looiersstraat,59 H,1016VH,Amsterdam,1210000.0,1275000.0,,2024-09-25,2025-02-10,2025-02-28,59.0,151.0,7.0,4.0,1.0,,1935.0,Woonhuis,,G,Goed,Goed,,False,Geen tuin,,True,True,,C.V.-Ketel,,False,,True,True,False,Geen garage,,C:\Users\meesv\Downloads\Selectie-09112025_1400.rtf,52.3690228,4.8808733
"Hazenstraat 12, 1016 SP Amsterdam",Hazenstraat,12,1016SP,Amsterdam,1170000.0,1000000.0,,2024-07-11,2024-11-15,2024-10-08,26.0,131.0,3.0,2.0,1.0,,1818.0,Woonhuis,,D,Redelijk,Redelijk,,True,Voortuin,,False,False,,C.V.-Ketel,C.V.-Ketel,False,,True,True,False,Geen garage,,C:\Users\meesv\Downloads\Selectie-09112025_1401 (2).rtf,52.3705809,4.8794604
"Keizersgracht 343 A, 1016 EH Amsterdam",Keizersgracht,343 A,1016EH,Amsterdam,2200000.0,2200000.0,,2025-09-22,,,155.0,160.0,4.0,3.0,2.0,2.0,1740.0,Appartement,Benedenwoning,,Goed,Goed,,True,Achtertuin,85.0,False,False,,C.V.-Ketel,C.V.-Ketel,False,,True,True,False,Geen garage,,C:\Users\meesv\Downloads\Selectie-10112025_1552 (1).rtf,52.3692024,4.8849824
"Prinsengracht 12 1, 1015 DV Amsterdam",Prinsengracht,12 1,1015DV,Amsterdam,945000.0,945000.0,,2025-09-19,,,261.0,95.0,4.0,2.0,2.0,,1906.0,Appartement,,,Goed,Goed,100.0,True,Patio,,False,True,,C.V.-Ketel,C.V.-Ketel,False,,True,True,False,Geen garage,,C:\Users\meesv\Downloads\Selectie-10112025_1552 (2).rtf,52.3802511,4.88778
"Prinsengracht 280 D, 1016 HJ Amsterdam",Prinsengracht,280 D,1016HJ,Amsterdam,595000.0,595000.0,,2025-09-23,,,49.0,68.0,3.0,2.0,1.0,,1680.0,Appartement,Benedenwoning,C,Goed,Goed,150.0,False,Geen tuin,,False,False,,C.V.-Ketel,C.V.-Ketel,False,,True,True,False,Geen garage,,C:\Users\meesv\Downloads\Selectie-10112025_1552 (2).rtf,52.3707462,4.882424
"Tweede Laurierdwarsstraat 45 H, 1016 RA Amsterdam",Tweede Laurierdwarsstraat,45 H,1016RA,Amsterdam,850000.0,850000.0,,2025-09-01,,,57.0,59.0,3.0,2.0,1.0,,1906.0,Appartement,Benedenwoning,A,Goed,Goed,127.0,True,Patio,,False,False,,C.V.-Ketel,C.V.-Ketel,False,,True,True,False,Geen garage,,C:\Users\meesv\Downloads\Selectie-27102025_1750.rtf,52.3715692,4.8793758
"Keizersgracht 643 E, 1017 DT Amsterdam",Keizersgracht,643 E,1017DT,Amsterdam,1150000.0,1150000.0,,2025-10-03,,,39.0,104.0,4.0,2.0,1.0,,1690.0,Appartement,Bovenwoning,,Uitstekend,Uitstekend,443.67,False,Geen tuin,,False,False,,C.V.-Ketel,C.V.-Ketel,False,,True,True,False,Geen garage,,C:\Users\meesv\Downloads\Selectie-10112025_1552 (1).rtf,52.3637976,4.8949242
"Lauriergracht 47 T, 1016 RG Amsterdam",Lauriergracht,47 T,1016RG,Amsterdam,741000.0,650000.0,,2025-01-16,2025-04-10,2025-03-06,22.0,80.0,2.0,1.0,1.0,,1923.0,Appartement,Bovenwoning,,Redelijk,Goed,270.0,False,,,True,True,,C.V.-Ketel,C.V.-Ketel,False,,True,True,False,Geen garage,,C:\Users\meesv\Downloads\Realworks bestanden\Selectie-22102025_1218.rtf,52.3711064,4.8805121
"Prinsengracht 731 E, 1017 JX Amsterdam",Prinsengracht,731 E,1017JX,Amsterdam,750000.0,750000.0,,2025-10-02,,,40.0,80.0,3.0,2.0,1.0,,1906.0,Appartement,Bovenwoning,,Goed,Goed,170.0,False,Geen tuin,,False,True,,C.V.-Ketel,C.V.-Ketel,False,,True,True,False,Geen garage,,C:\Users\meesv\Downloads\Selectie-10112025_1552 (2).rtf,52.3644787,4.8858
"Passeerdersstraat 61 A, 1016 XB Amsterdam",Passeerdersstraat,61 A,1016XB,Amsterdam,695000.0,665000.0,,2024-09-12,2025-02-08,2025-02-10,133.0,76.0,3.0,2.0,1.0,,2000.0,Appartement,Bovenwoning,A,Goed,Goed,208.0,False,Geen tuin,,False,True,,C.V.-Ketel,C.V.-Ketel,False,,True,True,False,Geen garage,,C:\Users\meesv\Downloads\Selectie-09112025_1402 (3).rtf,52.3673214,4.8801584
"Keizersgracht 31 2V, 1015 CD Amsterdam",Keizersgracht,31 2V,1015CD,Amsterdam,600000.0,600000.0,,2025-04-29,,,233.0,65.0,2.0,1.0,1.0,,1628.0,Appartement,,,Goed,Goed,544.96,False,Geen tuin,,False,True,,,,False,,True,True,False,Geen garage,,C:\Users\meesv\Downloads\Selectie-10112025_1552 (1).rtf,52.3788115,4.889559
"Keizersgracht 30 A, 1015 CR Amsterdam",Keizersgracht,30 A,1015CR,Amsterdam,1495000.0,1495000.0,,2025-09-15,,,57.0,126.0,3.0,2.0,2.0,,1992.0,Appartement,Bovenwoning,A,Goed,Goed,425.95,True,Patio,,True,True,,C.V.-Ketel,C.V.-Ketel,False,,True,True,False,,,C:\Users\meesv\Downloads\Selectie-10112025_1552 (1).rtf,52.3788709,4.8887061
"Raamstraat 33 F, 1016 XL Amsterdam",Raamstraat,33 F,1016XL,Amsterdam,715000.0,695000.0,,2025-02-04,2025-02-24,2025-02-24,21.0,67.0,3.0,2.0,1.0,,1813.0,Appartement,,A,Uitstekend,Uitstekend,234.0,False,Geen tuin,,True,True,,,C.V.-Ketel,False,,True,True,False,Geen garage,,C:\Users\meesv\Downloads\Selectie-09112025_0800 (1).rtf,52.3659875,4.8808736
"Jekerstraat 110 1, 1078 MJ Amsterdam",Jekerstraat,110 1,1078MJ,Amsterdam,775000.0,675000.0,,2024-11-22,2024-12-17,2025-03-14,19.0,79.0,5.0,3.0,1.0,,1928.0,Appartement,Bovenwoning,D,Goed,Goed,128.21,False,Geen tuin,,True,True,,C.V.-Ketel,C.V.-Ketel,False,,True,True,False,Geen garage,,C:\Users\meesv\Downloads\Selectie-10112025_2103 (1).rtf,52.3456721,4.8955949
"Deurloostraat 61 3L, 1078 HT Amsterdam",Deurloostraat,61 3L,1078HT,Amsterdam,851000.0,795000.0,,2025-03-03,2025-05-16,2025-06-17,17.0,85.0,5.0,3.0,1.0,,1929.0,Appartement,Bovenwoning,D,Goed,Goed,203.0,False,Geen tuin,,True,True,,C.V.-Ketel,C.V.-Ketel,False,,True,True,False,Geen garage,,C:\Users\meesv\Downloads\Selectie-10112025_2049 (1).rtf,52.3462675,4.889689
"Molenbeekstraat 31 1, 1078 XB Amsterdam",Molenbeekstraat,31 1,1078XB,Amsterdam,690000.0,550000.0,,2025-01-13,2025-06-20,2025-04-25,31.0,77.0,3.0,2.0,1.0,,1930.0,Appartement,Bovenwoning,C,Redelijk,Goed,139.02,False,Geen tuin,,True,True,,C.V.-Ketel,C.V.-Ketel,False,,True,True,False,Geen garage,,C:\Users\meesv\Downloads\Selectie-09112025_0825 (1).rtf,52.3437726,4.8948381
"Utrechtsestraat 88 C, 1017 VR Amsterdam",Utrechtsestraat,88 C,1017VR,Amsterdam,407000.0,350000.0,,2024-12-09,2025-03-13,2025-02-17,39.0,32.0,2.0,1.0,1.0,,1842.0,Appartement,,A,Goed,Goed,,False,,,True,True,,C.V.-Ketel,C.V.-Ketel,False,,True,True,False,Geen garage,,C:\Users\meesv\Downloads\Selectie-10112025_1606 (4).rtf,52.3629415,4.8986504
"Biesboschstraat 19 2, 1078 ML Amsterdam",Biesboschstraat,19 2,1078ML,Amsterdam,1012500.0,975000.0,,2025-01-28,2025-03-27,2025-03-25,38.0,132.0,7.0,4.0,2.0,,1930.0,Appartement,Bovenwoning,B,Goed,Goed,225.0,False,Geen tuin,,True,True,,C.V.-Ketel,C.V.-Ketel,False,,True,True,False,Geen garage,,C:\Users\meesv\Downloads\Selectie-10112025_1511.rtf,52.3451894,4.8984472
"Zoomstraat 51 H, 1078 XH Amsterdam",Zoomstraat,51 H,1078XH,Amsterdam,850000.0,745000.0,,2025-06-03,2025-07-14,2025-10-01,30.0,78.0,3.0,2.0,1.0,,1930.0,Appartement,Benedenwoning,C,Goed,Goed,302.21,True,Achtertuin,55.0,False,False,,C.V.-Ketel,C.V.-Ketel,False,,True,True,False,Geen garage,,C:\Users\meesv\Downloads\Selectie-10112025_1510 (4).rtf,52.3430467,4.8932177
"Prinsengracht 422 2, 1016 JC Amsterdam",Prinsengracht,422 2,1016JC,Amsterdam,945000.0,945000.0,,2025-07-02,,,132.0,106.0,5.0,3.0,1.0,,1906.0,Appartement,Bovenwoning,,Goed,Goed,348.36,False,Geen tuin,,False,False,,C.V.-Ketel,C.V.-Ketel,False,,True,True,False,Geen garage,,C:\Users\meesv\Downloads\Selectie-10112025_1552 (2).rtf,52.3662338,4.882241
"Victorieplein 41, 1078 PD Amsterdam",Victorieplein,41,1078PD,Amsterdam,1095000.0,995000.0,,2025-04-10,2025-06-30,2025-06-30,27.0,100.0,4.0,3.0,1.0,,1931.0,Appartement,Benedenwoning,,Goed,Goed,308.79,True,Achtertuin,32.0,False,False,,C.V.-Ketel,C.V.-Ketel,False,,True,True,False,Geen garage,,C:\Users\meesv\Downloads\Selectie-10112025_2050 (2).rtf,52.3456556,4.9024925
"Nieuwe Spiegelstraat 26 A, 1017 DG Amsterdam",Nieuwe Spiegelstraat,26 A,1017DG,Amsterdam,1200000.0,1200000.0,,2025-07-09,,,125.0,87.0,3.0,2.0,,,1692.0,Appartement,,A+,Uitstekend,Uitstekend,,False,Geen tuin,,False,False,,C.V.-Ketel,C.V.-Ketel,False,,True,True,False,Geen garage,,C:\Users\meesv\Downloads\Selectie-10112025_1552.rtf,52.3640249,4.8891078
"Hazenstraat 68, 1016 SR Amsterdam",Hazenstraat,68,1016SR,Amsterdam,1700000.0,1700000.0,,2025-10-14,,,187.0,194.0,12.0,7.0,2.0,,1849.0,Woonhuis,,C,Goed,Goed,,False,,,False,True,,C.V.-Ketel,C.V.-Ketel,False,,True,True,False,Geen garage,,C:\Users\meesv\Downloads\Selectie-27102025_1748.rtf,52.3698389,4.8803792
"Lijnbaansgracht 66 2, 1015 GV Amsterdam",Lijnbaansgracht,66 2,1015GV,Amsterdam,482000.0,450000.0,,2025-07-16,2025-09-04,2025-10-07,36.0,43.0,3.0,1.0,1.0,,1938.0,Appartement,Bovenwoning,E,Goed,Goed,209.0,False,Geen tuin,,True,True,,C.V.-Ketel,C.V.-Ketel,False,,True,True,False,Geen garage,,C:\Users\meesv\Downloads\Realworks bestanden\Selectie-22102025_1221.rtf,52.3772031,4.8790908
"Elandsgracht 57 D, 1016 TN Amsterdam",Elandsgracht,57 D,1016TN,Amsterdam,360000.0,349000.0,,2025-07-04,2025-09-02,2025-09-18,43.0,25.0,1.0,,1.0,,1896.0,Appartement,Bovenwoning,C,Uitstekend,Goed,97.02,False,Geen tuin,,False,False,,,,False,,True,True,False,Geen garage,,C:\Users\meesv\Downloads\Realworks bestanden\Selectie-22102025_1210.rtf,52.3693539,4.880473
"Keizersgracht 552 1V, 1017 EL Amsterdam",Keizersgracht,552 1V,1017EL,Amsterdam,1475000.0,1475000.0,,2025-05-21,,,174.0,138.0,4.0,3.0,2.0,2.0,1735.0,Appartement,Bovenwoning,E,Uitstekend,Uitstekend,399.0,False,Geen tuin,,False,False,,C.V.-Ketel,C.V.-Ketel,False,,True,True,False,Geen garage,,C:\Users\meesv\Downloads\Selectie-10112025_1552 (1).rtf,52.3649532,4.8876142
"Herengracht 98 D, 1015 BS Amsterdam",Herengracht,98 D,1015BS,Amsterdam,735000.0,735000.0,,2025-09-04,,,68.0,82.0,2.0,1.0,1.0,,1745.0,Appartement,Bovenwoning,,Goed,Goed,212.19,False,Geen tuin,,True,True,,C.V.-Ketel,C.V.-Ketel,False,,True,True,False,Geen garage,,C:\Users\meesv\Downloads\Selectie-10112025_1552 (3).rtf,52.3764731,4.8890996
"Merwedeplein 26, 1078 NE Amsterdam",Merwedeplein,26,1078NE,Amsterdam,1200000.0,1175000.0,,2025-07-08,2025-08-18,2025-12-10,28.0,107.0,3.0,2.0,,,1931.0,Appartement,Benedenwoning,,Uitstekend,Uitstekend,208.17,True,Achtertuin,61.0,False,False,,C.V.-Ketel,C.V.-Ketel,False,,True,True,False,Geen garage,,C:\Users\meesv\Downloads\Selectie-10112025_1510 (6).rtf,52.3460002,4.9010359
"Laurierstraat 50 A, 1016 PN Amsterdam",Laurierstraat,50 A,1016PN,Amsterdam,525000.0,475000.0,,2024-10-23,2024-11-18,2025-01-03,17.0,50.0,2.0,1.0,1.0,,2013.0,Appartement,Bovenwoning,A,Goed,Goed,75.0,False,Geen tuin,,True,False,,C.V.-Ketel,C.V.-Ketel,False,,True,True,False,Geen garage,,C:\Users\meesv\Downloads\Selectie-09112025_1403.rtf,52.3724235,4.8815685
"Lijnbaansgracht 321 2, 1017 WZ Amsterdam",Lijnbaansgracht,321 2,1017WZ,Amsterdam,420000.0,390000.0,,2025-04-22,2025-06-17,2025-06-04,42.0,39.0,2.0,1.0,1.0,,1906.0,Appartement,,G,Goed,Goed,127.0,False,Geen tuin,,False,False,,,,False,,True,True,False,Geen garage,,C:\Users\meesv\Downloads\Realworks bestanden\Selectie-22102025_1221.rtf,52.3601381,4.8923517
"Roerstraat 25 3, 1078 LH Amsterdam",Roerstraat,25 3,1078LH,Amsterdam,920000.0,950000.0,,2025-08-29,2025-09-30,2025-10-06,20.0,120.0,5.0,4.0,1.0,,1930.0,Appartement,Bovenwoning,F,Redelijk,Redelijk,,False,Geen tuin,,True,True,,C.V.-Ketel,C.V.-Ketel,False,,True,True,False,Geen garage,,C:\Users\meesv\Downloads\Selectie-10112025_1511 (1).rtf,52.3447888,4.8994201
"Keizersgracht 151 G, 1015 CL Amsterdam",Keizersgracht,151 G,1015CL,Amsterdam,1200000.0,1200000.0,,2025-10-06,,,102.0,122.0,4.0,2.0,2.0,,1880.0,Appartement,Bovenwoning,B,Goed,Goed,325.0,False,,,False,True,,C.V.-Ketel,C.V.-Ketel,False,,True,True,False,Geen garage,,C:\Users\meesv\Downloads\Selectie-10112025_1552 (1).rtf,52.3755459,4.8866728
"Tuinstraat 179 H, 1015 PC Amsterdam",Tuinstraat,179 H,1015PC,Amsterdam,500000.0,499000.0,,2024-08-27,2025-08-01,2025-08-01,340.0,49.0,2.0,1.0,,,1944.0,Appartement,Benedenwoning,,Goed,Goed,125.0,True,Achtertuin,,False,False,,,,False,,True,True,False,Geen garage,,C:\Users\meesv\Downloads\Selectie-18102025_1507.rtf,52.3765794,4.8804055
"Biesboschstraat 58 4, 1078 MX Amsterdam",Biesboschstraat,58 4,1078MX,Amsterdam,410000.0,350000.0,,2024-11-15,2025-01-28,2025-01-21,35.0,44.0,3.0,2.0,1.0,,1929.0,Appartement,Bovenwoning,B,Goed,Goed,105.0,False,Geen tuin,,False,True,,C.V.-Ketel,C.V.-Ketel,False,,True,True,False,Geen garage,,C:\Users\meesv\Downloads\Selectie-10112025_1511.rtf,52.3451819,4.8965677
"Rozengracht 225 D, 1016 NA Amsterdam",Rozengracht,225 D,1016NA,Amsterdam,800000.0,795000.0,,2024-11-08,2025-01-20,2025-01-20,74.0,121.0,3.0,2.0,1.0,,1996.0,Appartement,Maisonnette,C,Goed,Uitstekend,90.0,False,Geen tuin,,True,True,,C.V.-Ketel,C.V.-Ketel,False,,True,True,False,Geen garage,,C:\Users\meesv\Downloads\Realworks bestanden\Selectie-22102025_1207.rtf,52.3722779,4.8769593
"Laurierstraat 218 I, 1016 PT Amsterdam",Laurierstraat,218 I,1016PT,Amsterdam,480000.0,450000.0,,2024-02-08,2024-04-04,2024-04-03,21.0,43.0,2.0,1.0,1.0,,1916.0,Appartement,Bovenwoning,A,Goed,Goed,131.34,False,Geen tuin,,True,True,,C.V.-Ketel,C.V.-Ketel,False,,True,True,False,Geen garage,,C:\Users\meesv\Downloads\Selectie-09112025_1403.rtf,52.3718938,4.879783
"Diezestraat 20 1, 1078 JR Amsterdam",Diezestraat,20 1,1078JR,Amsterdam,768020.0,650000.0,,2025-03-06,2025-04-18,2025-04-17,21.0,68.0,3.0,2.0,1.0,,1929.0,Appartement,,B,Uitstekend,Uitstekend,81.71,False,Geen tuin,,False,True,,C.V.-Ketel,C.V.-Ketel,False,,True,True,False,Geen garage,,C:\Users\meesv\Downloads\Selectie-09112025_0826.rtf,52.3455931,4.8917361
"Raamstraat 14 D, 1016 XM Amsterdam",Raamstraat,14 D,1016XM,Amsterdam,438000.0,425000.0,,2024-10-04,2024-11-26,2024-11-28,29.0,48.0,2.0,1.0,1.0,,1906.0,Appartement,Bovenwoning,D,Goed,Goed,175.0,False,Geen tuin,,True,True,,C.V.-Ketel,C.V.-Ketel,False,,True,True,False,Geen garage,,C:\Users\meesv\Downloads\Selectie-09112025_1401 (3).rtf,52.3664385,4.881651
"Keizersgracht 53 B, 1015 CE Amsterdam",Keizersgracht,53 B,1015CE,Amsterdam,1275000.0,1275000.0,,2025-09-03,,,177.0,145.0,5.0,4.0,2.0,,1978.0,Appartement,Bovenwoning,E,Goed,Goed,400.0,False,,,False,True,,C.V.-Ketel,C.V.-Ketel,False,,True,True,False,Geen garage,,C:\Users\meesv\Downloads\Selectie-10112025_1552 (1).rtf,52.3784689,4.8892987
"Keizersgracht 391 D, 1016 EJ Amsterdam",Keizersgracht,391 D,1016EJ,Amsterdam,850000.0,850000.0,,2025-06-20,,,169.0,87.0,3.0,2.0,1.0,,1671.0,Appartement,Bovenwoning,,Goed,Goed,95.08,False,Geen tuin,,False,False,,,,False,,True,True,False,Geen garage,,C:\Users\meesv\Downloads\Selectie-10112025_1552 (1).rtf,52.3679007,4.8848594
"Laurierstraat 26 3, 1016 PM Amsterdam",Laurierstraat,26 3,1016PM,Amsterdam,464000.0,425000.0,,2024-11-08,2025-01-07,2025-01-13,33.0,58.0,3.0,2.0,1.0,,1871.0,Appartement,Bovenwoning,B,Goed,Goed,120.0,False,Geen tuin,,False,False,,C.V.-Ketel,C.V.-Ketel,False,,True,True,False,Geen garage,,C:\Users\meesv\Downloads\Selectie-09112025_1403.rtf,52.372506,4.8818908
"Prinsengracht 382 3, 1016 JA Amsterdam",Prinsengracht,382 3,1016JA,Amsterdam,525000.0,525000.0,,2025-11-03,,,8.0,50.0,3.0,1.0,1.0,,1933.0,Appartement,Bovenwoning,,Goed,Goed,150.0,False,Geen tuin,,True,True,,C.V.-Ketel,C.V.-Ketel,False,,True,True,False,Geen garage,,C:\Users\meesv\Downloads\Selectie-10112025_1552 (2).rtf,52.3671766,4.8820831
"Lijnbaansgracht 228, 1017 PH Amsterdam",Lijnbaansgracht,228,1017PH,Amsterdam,515000.0,480000.0,,2025-03-28,2025-05-30,2025-05-30,27.0,50.0,3.0,2.0,,,1979.0,Appartement,Bovenwoning,B,Goed,Goed,260.2,False,Geen tuin,,False,True,,C.V.-Ketel,C.V.-Ketel,False,,True,True,False,Geen garage,,C:\Users\meesv\Downloads\Realworks bestanden\Selectie-22102025_1221.rtf,52.3650267,4.881609
"Eerste Tuindwarsstraat 6 1, 1015 RV Amsterdam",Eerste Tuindwarsstraat,6 1,1015RV,Amsterdam,920000.0,875000.0,,2024-11-15,2025-01-08,2025-01-07,22.0,99.0,5.0,2.0,1.0,,1890.0,Appartement,Bovenwoning,F,Goed,Goed,200.0,False,Geen tuin,,False,True,,C.V.-Ketel,C.V.-Ketel,False,,True,True,False,Geen garage,,C:\Users\meesv\Downloads\Selectie-18102025_1511 (1).rtf,52.377645,4.8836091
"Prinsengracht 373 B, 1016 HL Amsterdam",Prinsengracht,373 B,1016HL,Amsterdam,695000.0,695000.0,,2025-05-12,,,183.0,71.0,2.0,1.0,1.0,,1730.0,Appartement,Bovenwoning,B,Goed,Goed,190.0,False,Geen tuin,,False,False,,C.V.-Ketel,C.V.-Ketel,False,,True,True,False,Geen garage,,C:\Users\meesv\Downloads\Selectie-10112025_1552 (2).rtf,52.3717655,4.88325
"Keizersgracht 647 G, 1017 DT Amsterdam",Keizersgracht,647 G,1017DT,Amsterdam,850000.0,850000.0,,2025-08-25,,,78.0,74.0,3.0,2.0,1.0,,1685.0,Appartement,,,Goed,Goed,149.16,False,Geen tuin,,False,False,,C.V.-Ketel,C.V.-Ketel,False,,True,True,False,Geen garage,,C:\Users\meesv\Downloads\Selectie-10112025_1552 (1).rtf,52.3637535,4.8950863
"Keizersgracht 699 B, 1017 DW Amsterdam",Keizersgracht,699 B,1017DW,Amsterdam,1400000.0,1400000.0,,2025-10-13,,,140.0,104.0,3.0,2.0,2.0,,1690.0,Appartement,,B,Uitstekend,Goed,,False,Geen tuin,,False,False,,C.V.-Ketel,C.V.-Ketel,False,,True,True,False,Geen garage,,C:\Users\meesv\Downloads\Selectie-10112025_1552 (1).rtf,52.3640615,4.8986215
"Herengracht 254 D, 1016 BV Amsterdam",Herengracht,254 D,1016BV,Amsterdam,1100000.0,1100000.0,,2025-08-28,,,75.0,144.0,6.0,4.0,2.0,2.0,1615.0,Appartement,Bovenwoning,,Redelijk,Goed,209.0,False,Geen tuin,,False,True,,C.V.-Ketel,C.V.-Ketel,False,,True,True,False,Geen garage,,C:\Users\meesv\Downloads\Selectie-10112025_1552 (3).rtf,52.3716897,4.8865548
"Oude-IJselstraat 3 H, 1078 CL Amsterdam",Oude-IJselstraat,3 H,1078CL,Amsterdam,471551.0,445000.0,,2025-07-23,2025-09-16,2025-10-14,28.0,55.0,2.0,1.0,,,1926.0,Appartement,Benedenwoning,E,Goed,Goed,230.0,False,Geen tuin,,False,False,,,,False,,True,True,False,Geen garage,,C:\Users\meesv\Downloads\Selectie-10112025_1510 (5).rtf,52.3478885,4.9014116
"Rozengracht 23 F, 1016 LR Amsterdam",Rozengracht,23 F,1016LR,Amsterdam,450000.0,450000.0,,2025-10-07,,,16.0,42.0,2.0,1.0,1.0,,2008.0,Appartement,Portiek,A,Goed,Goed,137.0,False,Geen tuin,,True,False,,C.V.-Ketel,C.V.-Ketel,False,,True,True,False,Geen garage,,C:\Users\meesv\Downloads\Realworks bestanden\Selectie-22102025_1207.rtf,52.3735477,4.8819236
"Prinsengracht 545 3, 1016 HS Amsterdam",Prinsengracht,545 3,1016HS,Amsterdam,899000.0,899000.0,,2025-07-15,,,119.0,120.0,4.0,2.0,2.0,2.0,1761.0,Appartement,Bovenwoning,,Goed,Goed,82.82,False,Geen tuin,,True,True,,C.V.-Ketel,C.V.-Ketel,False,,True,True,False,Geen garage,,C:\Users\meesv\Downloads\Selectie-10112025_1552 (2).rtf,52.3685916,4.8829488
"Lijnbaansgracht 294, 1017 RM Amsterdam",Lijnbaansgracht,294,1017RM,Amsterdam,1356294.0,1295000.0,,2025-05-15,2025-07-15,2025-07-18,28.0,151.0,7.0,3.0,1.0,,1725.0,Woonhuis,,,Goed,Goed,,True,Achtertuin,,False,True,,C.V.-Ketel,C.V.-Ketel,False,,True,True,False,Geen garage,,C:\Users\meesv\Downloads\Realworks bestanden\Selectie-22102025_1221.rtf,52.3613328,4.8879636
"Prinsengracht 14 K, 1015 DV Amsterdam",Prinsengracht,14 K,1015DV,Amsterdam,825000.0,825000.0,,2025-09-23,,,49.0,65.0,3.0,2.0,1.0,,1990.0,Woonhuis,,C,Goed,Goed,,False,,,False,True,,C.V.-Ketel,C.V.-Ketel,False,,True,True,False,Geen garage,,C:\Users\meesv\Downloads\Selectie-10112025_1552 (2).rtf,52.3800252,4.8878273
"Tuinstraat 244, 1015 PK Amsterdam",Tuinstraat,244,1015PK,Amsterdam,405000.0,380000.0,,2024-07-11,2024-10-17,2024-10-01,64.0,39.0,1.0,1.0,1.0,,1990.0,Appartement,,C,Goed,Goed,235.39,True,Achtertuin,38.0,False,False,,C.V.-Ketel,C.V.-Ketel,False,,True,True,False,Geen garage,,C:\Users\meesv\Downloads\Selectie-18102025_1507.rtf,52.3764852,4.8793047
"Lijnbaansgracht 282 1, 1017 RM Amsterdam",Lijnbaansgracht,282 1,1017RM,Amsterdam,925000.0,950000.0,,2025-05-01,2025-08-19,2025-08-29,76.0,106.0,4.0,3.0,2.0,,1724.0,Appartement,Bovenwoning,,Goed,Goed,115.0,False,Geen tuin,,False,False,,C.V.-Ketel,C.V.-Ketel,False,,True,True,False,Geen garage,,C:\Users\meesv\Downloads\Realworks bestanden\Selectie-22102025_1221.rtf,52.3620818,4.8865604
"Victorieplein 38 3, 1078 PG Amsterdam",Victorieplein,38 3,1078PG,Amsterdam,935000.0,900000.0,,2024-11-15,2024-12-18,2024-12-23,19.0,134.0,6.0,5.0,1.0,,1924.0,Appartement,Bovenwoning,D,Redelijk,Goed,250.0,False,Geen tuin,,True,True,,C.V.-Ketel,C.V.-Ketel,False,,True,True,False,Geen garage,,C:\Users\meesv\Downloads\Selectie-10112025_2050 (2).rtf,52.3468353,4.9029934
"Eerste Tuindwarsstraat 2 B, 1015 RV Amsterdam",Eerste Tuindwarsstraat,2 B,1015RV,Amsterdam,510000.0,495000.0,,2025-01-23,2025-03-17,2025-04-07,48.0,57.0,2.0,1.0,1.0,,1905.0,Appartement,Bovenwoning,,Goed,Redelijk,227.04,False,Geen tuin,,False,False,,C.V.-Ketel,C.V.-Ketel,False,,True,True,False,Geen garage,,C:\Users\meesv\Downloads\Selectie-18102025_1511 (1).rtf,52.3777525,4.8835489
"Victorieplein 43, 1078 PD Amsterdam",Victorieplein,43,1078PD,Amsterdam,820000.0,800000.0,,2025-02-17,2025-04-07,2025-05-19,30.0,106.0,4.0,3.0,1.0,,1931.0,Appartement,Benedenwoning,D,Goed,Goed,352.0,False,Geen tuin,,False,False,,C.V.-Ketel,C.V.-Ketel,False,,True,True,False,Geen garage,,C:\Users\meesv\Downloads\Selectie-10112025_2050 (2).rtf,52.3457377,4.9027851
"Keizersgracht 245 A, 1016 EB Amsterdam",Keizersgracht,245 A,1016EB,Amsterdam,975000.0,975000.0,,2025-10-31,,,11.0,82.0,3.0,2.0,1.0,,1625.0,Appartement,Benedenwoning,,Uitstekend,Goed,172.97,False,Geen tuin,,False,False,,C.V.-Ketel,C.V.-Ketel,False,,True,True,False,Geen garage,,C:\Users\meesv\Downloads\Selectie-10112025_1552 (1).rtf,52.371972,4.8853035
"Raamstraat 25 B, 1016 XL Amsterdam",Raamstraat,25 B,1016XL,Amsterdam,700000.0,670000.0,,2023-12-07,2024-10-24,2024-10-23,204.0,56.0,3.0,2.0,1.0,,1829.0,Appartement,Bovenwoning,A,Uitstekend,Uitstekend,,False,Geen tuin,,True,True,,C.V.-Ketel,C.V.-Ketel,False,,True,True,False,Geen garage,,C:\Users\meesv\Downloads\Selectie-09112025_1401 (3).rtf,52.3662749,4.8813612
"Molenbeekstraat 12 1, 1078 XD Amsterdam",Molenbeekstraat,12 1,1078XD,Amsterdam,621100.0,550000.0,,2025-03-17,2025-04-16,2025-06-20,25.0,66.0,4.0,2.0,1.0,,1931.0,Appartement,Portiek,E,Goed,Goed,150.0,False,Geen tuin,,True,True,,C.V.-Ketel,C.V.-Ketel,False,,True,True,False,Geen garage,,C:\Users\meesv\Downloads\Selectie-09112025_0825 (1).rtf,52.3439952,4.8943514
"Deurloostraat 49 1, 1078 HT Amsterdam",Deurloostraat,49 1,1078HT,Amsterdam,650000.0,625000.0,,2024-12-03,2025-02-18,2025-02-04,32.0,87.0,3.0,2.0,1.0,,1928.0,Appartement,Bovenwoning,C,Redelijk,Goed,162.87,False,Geen tuin,,True,True,,C.V.-Ketel,C.V.-Ketel,False,,True,True,False,Geen garage,,C:\Users\meesv\Downloads\Selectie-10112025_2049 (1).rtf,52.3462526,4.8903932
"Prinsengracht 236 E, 1016 HE Amsterdam",Prinsengracht,236 E,1016HE,Amsterdam,1050000.0,1050000.0,,2025-08-28,,,75.0,119.0,4.0,3.0,2.0,,1765.0,Appartement,Bovenwoning,,Goed,Goed,,False,Geen tuin,,False,True,,C.V.-Ketel,C.V.-Ketel,False,,True,True,False,Geen garage,,C:\Users\meesv\Downloads\Selectie-10112025_1552 (2).rtf,52.3723107,4.8825382
"Eerste Laurierdwarsstraat 17 A1, 1016 PV Amsterdam",Eerste Laurierdwarsstraat,17 A1,1016PV,Amsterdam,585000.0,585000.0,,2025-09-05,,,125.0,60.0,3.0,2.0,1.0,,1878.0,Appartement,Bovenwoning,C,Goed,Goed,120.0,False,Geen tuin,,False,False,,C.V.-Ketel,C.V.-Ketel,False,,True,True,False,Geen garage,,C:\Users\meesv\Downloads\Selectie-27102025_1753.rtf,52.3723372,4.880952
"Keizersgracht 515 P, 1017 DN Amsterdam",Keizersgracht,515 P,1017DN,Amsterdam,600000.0,600000.0,,2025-06-17,,,147.0,62.0,2.0,1.0,1.0,,1970.0,Appartement,Bovenwoning,,Goed,Goed,153.52,False,Geen tuin,,False,True,,C.V.-Ketel,C.V.-Ketel,False,,True,True,False,Geen garage,,C:\Users\meesv\Downloads\Selectie-10112025_1552 (1).rtf,52.3650479,4.8887293
"Prinsengracht 303 C, 1016 GX Amsterdam",Prinsengracht,303 C,1016GX,Amsterdam,880000.0,880000.0,,2025-10-15,,,27.0,90.0,3.0,2.0,1.0,,1720.0,Appartement,Bovenwoning,,Goed,Goed,339.0,False,Geen tuin,,False,False,,C.V.-Ketel,C.V.-Ketel,False,,True,True,False,Geen garage,,C:\Users\meesv\Downloads\Selectie-10112025_1552 (2).rtf,52.3733838,4.8833789
"Deurloostraat 51 2, 1078 HT Amsterdam",Deurloostraat,51 2,1078HT,Amsterdam,664000.0,585000.0,,2025-03-06,2025-04-10,2025-04-22,27.0,70.0,3.0,2.0,1.0,,1928.0,Appartement,Bovenwoning,C,Goed,Goed,126.0,False,Geen tuin,,False,False,,C.V.-Ketel,C.V.-Ketel,False,,True,True,False,Geen garage,,C:\Users\meesv\Downloads\Selectie-10112025_2049 (1).rtf,52.3462701,4.8902903
"Utrechtsedwarsstraat 34 D, 1017 WG Amsterdam",Utrechtsedwarsstraat,34 D,1017WG,Amsterdam,680000.0,600000.0,,2025-07-16,2025-10-29,2025-08-27,35.0,60.0,3.0,2.0,1.0,,1996.0,Appartement,Portiek,B,Uitstekend,Uitstekend,233.0,False,,,True,True,,C.V.-Ketel,C.V.-Ketel,False,,True,True,False,Geen garage,,C:\Users\meesv\Downloads\Selectie-10112025_1606 (2).rtf,52.3611037,4.8976847
"Keizersgracht 645 B, 1017 DT Amsterdam",Keizersgracht,645 B,1017DT,Amsterdam,775000.0,775000.0,,2025-11-07,,,4.0,68.0,2.0,1.0,1.0,,1860.0,Appartement,,,Goed,Goed,285.0,False,Geen tuin,,False,True,,,C.V.-Ketel,False,,True,True,False,Geen garage,,C:\Users\meesv\Downloads\Selectie-10112025_1552 (1).rtf,52.3638069,4.8949975
"Lauriergracht 92 1, 1016 RN Amsterdam",Lauriergracht,92 1,1016RN,Amsterdam,1420000.0,1250000.0,,2025-04-14,2025-07-08,2025-10-15,43.0,169.0,5.0,4.0,2.0,2.0,1839.0,Appartement,Bovenwoning,B,Goed,Goed,54.87,False,,,False,True,,C.V.-Ketel,C.V.-Ketel,False,,True,True,False,Geen garage,,C:\Users\meesv\Downloads\Realworks bestanden\Selectie-22102025_1218.rtf,52.3714655,4.8803313
"Lijnbaansgracht 84 2, 1015 GZ Amsterdam",Lijnbaansgracht,84 2,1015GZ,Amsterdam,525000.0,520000.0,,2024-11-04,2025-01-08,2025-01-07,17.0,64.0,4.0,2.0,1.0,,1870.0,Appartement,Bovenwoning,G,Goed,Goed,117.0,False,Geen tuin,,False,True,,C.V.-Ketel,C.V.-Ketel,False,,True,True,False,Geen garage,,C:\Users\meesv\Downloads\Realworks bestanden\Selectie-22102025_1221.rtf,52.3756621,4.8781248
"Victorieplein 45 11, 1078 PD Amsterdam",Victorieplein,45 11,1078PD,Amsterdam,1250000.0,1150000.0,,2024-11-13,2025-02-24,2025-02-24,28.0,126.0,3.0,2.0,1.0,,1930.0,Appartement,,,Goed,Goed,402.55,False,Geen tuin,,True,True,,,,False,,True,True,False,Geen garage,,C:\Users\meesv\Downloads\Selectie-10112025_2050 (2).rtf,52.3459082,4.9026948
"Lauriergracht 126 3, 1016 RS Amsterdam",Lauriergracht,126 3,1016RS,Amsterdam,667126.0,615000.0,,2025-04-16,2025-06-26,2025-06-25,57.0,132.0,6.0,3.0,3.0,2.0,1939.0,Appartement,Bovenwoning,G,Matig,Redelijk,,False,Geen tuin,,True,True,,C.V.-Ketel,C.V.-Ketel,False,,True,True,False,Geen garage,,C:\Users\meesv\Downloads\Realworks bestanden\Selectie-22102025_1218.rtf,52.3709911,4.8786038
"Prinsengracht 334 2, 1016 HZ Amsterdam",Prinsengracht,334 2,1016HZ,Amsterdam,495000.0,495000.0,,2025-09-04,,,68.0,53.0,3.0,2.0,1.0,,1750.0,Appartement,Bovenwoning,C,Goed,Goed,,False,Geen tuin,,False,False,,C.V.-Ketel,C.V.-Ketel,False,,True,True,False,Geen garage,,C:\Users\meesv\Downloads\Selectie-10112025_1552 (2).rtf,52.3686062,4.8821993
"Nieuwe Spiegelstraat 29 1, 1017 DB Amsterdam",Nieuwe Spiegelstraat,29 1,1017DB,Amsterdam,1495000.0,1495000.0,,2025-09-10,,,133.0,182.0,5.0,4.0,1.0,,1726.0,Appartement,Bovenwoning,E,Goed,Goed,,False,Geen tuin,,False,True,,C.V.-Ketel,C.V.-Ketel,False,,True,True,False,Geen garage,,C:\Users\meesv\Downloads\Selectie-10112025_1552.rtf,52.3638161,4.8891672
"Keizersgracht 768 A, 1017 EB Amsterdam",Keizersgracht,768 A,1017EB,Amsterdam,1100000.0,1100000.0,,2025-10-28,,,14.0,119.0,3.0,2.0,2.0,2.0,1880.0,Appartement,Bovenwoning,,Goed,Goed,220.0,False,,,False,True,,C.V.-Ketel,C.V.-Ketel,False,,True,True,False,Geen garage,,C:\Users\meesv\Downloads\Selectie-10112025_1552 (1).rtf,52.3636182,4.898719
"Keizersgracht 403 3, 1016 EK Amsterdam",Keizersgracht,403 3,1016EK,Amsterdam,1785000.0,1785000.0,,2025-10-10,,,32.0,149.0,4.0,2.0,2.0,,1669.0,Appartement,,,Goed,Goed,499.0,False,Geen tuin,,True,True,,C.V.-Ketel,C.V.-Ketel,False,,True,True,False,Geen garage,,C:\Users\meesv\Downloads\Selectie-10112025_1552 (1).rtf,52.3675749,4.8848103
"Prinsengracht 514 A, 1017 KJ Amsterdam",Prinsengracht,514 A,1017KJ,Amsterdam,2149000.0,2149000.0,,2025-06-05,,,211.0,192.0,5.0,2.0,2.0,,1690.0,Appartement,Benedenwoning,,Goed,Goed,250.0,False,Geen tuin,,False,False,,C.V.-Ketel,C.V.-Ketel,False,,True,True,False,Geen garage,,C:\Users\meesv\Downloads\Selectie-10112025_1552 (2).rtf,52.3635809,4.8861178
"Prinsengracht 200 A, 1016 HD Amsterdam",Prinsengracht,200 A,1016HD,Amsterdam,1880027.0,1880027.0,,2025-06-24,,,140.0,221.0,5.0,4.0,2.0,2.0,2014.0,Appartement,Benedenwoning,A,Goed,Goed,502.16,True,Achtertuin,46.0,False,False,,C.V.-Ketel,C.V.-Ketel,False,,True,True,False,Geen garage,,C:\Users\meesv\Downloads\Selectie-10112025_1552 (2).rtf,52.3734008,4.8826472
"Lijnbaansgracht 204 3, 1016 XA Amsterdam",Lijnbaansgracht,204 3,1016XA,Amsterdam,780000.0,750000.0,,2025-06-18,2025-07-17,2025-08-22,24.0,90.0,4.0,3.0,1.0,,1901.0,Appartement,Bovenwoning,D,Goed,Goed,165.0,False,Geen tuin,,True,False,,C.V.-Ketel,C.V.-Ketel,False,,True,True,False,Geen garage,,C:\Users\meesv\Downloads\Realworks bestanden\Selectie-22102025_1221.rtf,52.3681167,4.8790925
"Eerste Looiersdwarsstraat 3 A, 1016 VL Amsterdam",Eerste Looiersdwarsstraat,3 A,1016VL,Amsterdam,425000.0,475000.0,,2025-01-14,2025-05-02,2025-04-25,46.0,50.0,2.0,1.0,1.0,,1984.0,Appartement,Bovenwoning,A,Redelijk,Redelijk,169.17,False,Geen tuin,,True,True,,C.V.-Ketel,C.V.-Ketel,False,,True,True,False,Geen garage,,C:\Users\meesv\Downloads\Selectie-09112025_0759 (1).rtf,52.3694722,4.8807946
"Eerste Tuindwarsstraat 11, 1015 RT Amsterdam",Eerste Tuindwarsstraat,11,1015RT,Amsterdam,540000.0,495000.0,,2025-07-31,2025-10-01,2025-10-01,27.0,58.0,3.0,2.0,1.0,,1981.0,Appartement,Benedenwoning,B,Goed,Goed,200.0,False,Geen tuin,,True,True,,C.V.-Ketel,C.V.-Ketel,False,,True,True,False,Geen garage,,C:\Users\meesv\Downloads\Selectie-18102025_1511 (1).rtf,52.3776188,4.8837856
"Keizersgracht 138 C, 1015 CW Amsterdam",Keizersgracht,138 C,1015CW,Amsterdam,685000.0,685000.0,,2025-10-09,,,47.0,74.0,3.0,1.0,1.0,,1730.0,Appartement,Bovenwoning,C,Goed,Goed,183.0,False,Geen tuin,,False,False,,C.V.-Ketel,C.V.-Ketel,False,,True,True,False,Geen garage,,C:\Users\meesv\Downloads\Selectie-10112025_1552 (1).rtf,52.3765157,4.886471
"Herengracht 193 C, 1016 BE Amsterdam",Herengracht,193 C,1016BE,Amsterdam,1050000.0,1050000.0,,2025-03-21,,,305.0,113.0,3.0,2.0,2.0,2.0,1900.0,Appartement,Maisonnette,D,Goed,Goed,,False,Geen tuin,,True,True,,C.V.-Ketel,C.V.-Ketel,False,,True,True,False,,,C:\Users\meesv\Downloads\Selectie-10112025_1552 (3).rtf,52.3742941,4.8881995
"Herengracht 327, 1016 AW Amsterdam",Herengracht,327,1016AW,Amsterdam,1100000.0,1100000.0,,2025-09-26,,,46.0,126.0,5.0,1.0,,,1906.0,Woonhuis,,,Redelijk,Redelijk,,False,Geen tuin,,False,False,,C.V.-Ketel,,False,,True,True,False,Geen garage,,C:\Users\meesv\Downloads\Selectie-10112025_1552 (3).rtf,52.3697331,4.8871936
"Diezestraat 27 2, 1078 JN Amsterdam",Diezestraat,27 2,1078JN,Amsterdam,1290272.0,1100000.0,,2025-03-10,2025-05-12,2025-08-01,29.0,133.0,5.0,4.0,2.0,2.0,1929.0,Appartement,Bovenwoning,A,Goed,Goed,226.36,False,Geen tuin,,True,True,,C.V.-Ketel,C.V.-Ketel,False,,True,True,False,Geen garage,,C:\Users\meesv\Downloads\Selectie-09112025_0826.rtf,52.3452802,4.8920772
"Keizersgracht 412 C, 1016 GC Amsterdam",Keizersgracht,412 C,1016GC,Amsterdam,800000.0,800000.0,,2025-09-23,,,49.0,88.0,4.0,2.0,2.0,,1881.0,Appartement,,,Goed,Goed,180.0,False,Geen tuin,,False,False,,C.V.-Ketel,C.V.-Ketel,False,,True,True,False,Geen garage,,C:\Users\meesv\Downloads\Selectie-10112025_1552 (1).rtf,52.3685872,4.884035
"Tuinstraat 177 3, 1015 PB Amsterdam",Tuinstraat,177 3,1015PB,Amsterdam,830000.0,845000.0,,2024-10-17,2025-02-03,2025-03-28,50.0,92.0,4.0,2.0,1.0,,1934.0,Appartement,Bovenwoning,F,Goed,Goed,192.17,False,Geen tuin,,True,True,,C.V.-Ketel,C.V.-Ketel,False,,True,True,False,Geen garage,,C:\Users\meesv\Downloads\Selectie-18102025_1507.rtf,52.3765889,4.8804787
"Niersstraat 28, 1078 VL Amsterdam",Niersstraat,28,1078VL,Amsterdam,825028.0,,,2025-02-11,2025-03-26,2025-05-01,22.0,87.0,3.0,2.0,,,1930.0,Appartement,Benedenwoning,B,Goed,Goed,307.0,False,Geen tuin,,False,False,,C.V.-Ketel,C.V.-Ketel,False,,True,True,False,Geen garage,,C:\Users\meesv\Downloads\Selectie-10112025_2050 (3).rtf,52.3430675,4.8938774
"Lauriergracht 47 C, 1016 RG Amsterdam",Lauriergracht,47 C,1016RG,Amsterdam,440000.0,440000.0,,2025-09-30,,,23.0,58.0,2.0,1.0,1.0,,1923.0,Appartement,Benedenwoning,A,Redelijk,Goed,,False,Geen tuin,,False,False,,C.V.-Ketel,C.V.-Ketel,False,,True,True,False,Geen garage,,C:\Users\meesv\Downloads\Realworks bestanden\Selectie-22102025_1218.rtf,52.3709901,4.8805717
"Keizersgracht 698 E, 1017 EV Amsterdam",Keizersgracht,698 E,1017EV,Amsterdam,895000.0,895000.0,,2025-09-22,,,50.0,84.0,2.0,1.0,1.0,,1690.0,Appartement,,,Goed,Goed,312.0,False,Geen tuin,,False,False,,C.V.-Ketel,C.V.-Ketel,False,,True,True,False,Geen garage,,C:\Users\meesv\Downloads\Selectie-10112025_1552 (1).rtf,52.3632661,4.8948273
"Laurierstraat 24 H, 1016 PM Amsterdam",Laurierstraat,24 H,1016PM,Amsterdam,710000.0,730000.0,,2024-04-05,2024-08-26,2024-08-20,62.0,105.0,3.0,2.0,1.0,,1871.0,Appartement,Benedenwoning,D,Matig,Matig,50.0,True,Patio,,False,False,,C.V.-Ketel,C.V.-Ketel,False,,True,True,False,Geen garage,,C:\Users\meesv\Downloads\Selectie-09112025_1403.rtf,52.3718938,4.879783
"Eerste Looiersdwarsstraat 3 B, 1016 VL Amsterdam ",Eerste Looiersdwarsstraat,3 B,1016VL,Amsterdam,485000.0,485000.0,,2025-02-14,,,256.0,48.0,2.0,1.0,1.0,,1990.0,Appartement,Bovenwoning,B,Goed,Goed,177.51,False,Geen tuin,,True,True,,C.V.-Ketel,C.V.-Ketel,False,,True,True,False,Geen garage,,C:\Users\meesv\Downloads\Selectie-27102025_1750 (1).rtf,52.3694815,4.8808679
"Oude Looiersstraat 38 2, 1016 VJ Amsterdam",Oude Looiersstraat,38 2,1016VJ,Amsterdam,775000.0,795000.0,,2024-03-22,2024-10-29,2025-02-07,215.0,90.0,3.0,2.0,1.0,,1906.0,Appartement,Bovenwoning,D,Goed,Goed,,False,Geen tuin,,False,True,,C.V.-Ketel,C.V.-Ketel,False,,True,True,False,Geen garage,,C:\Users\meesv\Downloads\Selectie-09112025_1400.rtf,52.3692584,4.8812522
"Zoomstraat 50 2, 1078 XL Amsterdam",Zoomstraat,50 2,1078XL,Amsterdam,1030000.0,995000.0,,2025-04-14,2025-05-23,2025-07-11,36.0,115.0,4.0,2.0,1.0,,1930.0,Appartement,Bovenwoning,E,Goed,Goed,261.44,False,Geen tuin,,True,True,,C.V.-Ketel,C.V.-Ketel,False,,True,True,False,Geen garage,,C:\Users\meesv\Downloads\Selectie-10112025_1510 (4).rtf,52.343117,4.8928054
"Lauriergracht 127 3, 1016 RK Amsterdam",Lauriergracht,127 3,1016RK,Amsterdam,300000.0,300000.0,,2025-10-02,,,21.0,35.0,1.0,1.0,1.0,,1908.0,Appartement,,G,uitstekend,Goed,115.0,False,Geen tuin,,False,False,,,,False,,True,True,False,Geen garage,,C:\Users\meesv\Downloads\Realworks bestanden\Selectie-22102025_1218.rtf,52.3703839,4.8775248
"Keizersgracht 26 D, 1015 CR Amsterdam",Keizersgracht,26 D,1015CR,Amsterdam,575000.0,575000.0,,2025-05-23,,,172.0,63.0,2.0,1.0,,,1730.0,Appartement,Bovenwoning,,Goed,Goed,85.5,False,Geen tuin,,False,False,,C.V.-Ketel,C.V.-Ketel,False,,True,True,False,Geen garage,,C:\Users\meesv\Downloads\Selectie-10112025_1552 (1).rtf,52.3789251,4.8887642
"Utrechtsestraat 127 B, 1017 VM Amsterdam",Utrechtsestraat,127 B,1017VM,Amsterdam,1800000.0,1195000.0,,2025-01-08,2025-03-19,2025-06-30,71.0,150.0,6.0,3.0,2.0,,1905.0,Appartement,Bovenwoning,E,Goed,Goed,,False,Geen tuin,,False,True,,C.V.-Ketel,C.V.-Ketel,False,,True,True,False,Geen garage,,C:\Users\meesv\Downloads\Selectie-10112025_1606 (4).rtf,52.3617035,4.8992491
"Elandsgracht 84 2, 1016 TZ Amsterdam",Elandsgracht,84 2,1016TZ,Amsterdam,455000.0,429000.0,,2025-01-10,2025-02-06,2025-03-03,22.0,42.0,2.0,1.0,1.0,,1906.0,Appartement,Bovenwoning,C,Goed,Goed,,False,Geen tuin,,True,True,,Elektrisch,Elektrisch,False,,True,True,False,Geen garage,,C:\Users\meesv\Downloads\Realworks bestanden\Selectie-22102025_1210.rtf,52.3696589,4.8802784
"Keizersgracht 515 G, 1017 DN Amsterdam",Keizersgracht,515 G,1017DN,Amsterdam,1095000.0,1095000.0,,2025-05-20,,,360.0,87.0,3.0,2.0,1.0,,1906.0,Appartement,Bovenwoning,,Uitstekend,Uitstekend,210.46,False,Geen tuin,,False,False,,C.V.-Ketel,C.V.-Ketel,False,,True,True,False,Geen garage,,C:\Users\meesv\Downloads\Selectie-10112025_1552 (1).rtf,52.3651109,4.8887432
"Prinsengracht 814 F, 1017 JL Amsterdam",Prinsengracht,814 F,1017JL,Amsterdam,1030000.0,1030000.0,,2025-08-22,,,81.0,89.0,3.0,2.0,1.0,,1990.0,Appartement,Bovenwoning,C,Goed,Goed,360.0,False,Geen tuin,,True,True,,C.V.-Ketel,C.V.-Ketel,False,,True,True,False,Geen garage,,C:\Users\meesv\Downloads\Selectie-10112025_1552 (2).rtf,52.3620009,4.8995395
"Eerste Laurierdwarsstraat 15 H, 1016 PV Amsterdam",Eerste Laurierdwarsstraat,15 H,1016PV,Amsterdam,375000.0,375000.0,,2025-10-23,,,5.0,36.0,2.0,1.0,1.0,,1878.0,Appartement,Benedenwoning,D,Goed,Goed,109.0,True,Achtertuin,7.0,False,False,,C.V.-Ketel,C.V.-Ketel,False,,True,True,False,Geen garage,,C:\Users\meesv\Downloads\Selectie-27102025_1753.rtf,52.3723758,4.8809089
"Tweede Laurierdwarsstraat 53 1, 1016 RA Amsterdam",Tweede Laurierdwarsstraat,53 1,1016RA,Amsterdam,599000.0,599000.0,,2024-05-21,2025-08-18,2025-02-03,154.0,71.0,2.0,1.0,1.0,,1906.0,Appartement,Bovenwoning,C,Goed,Goed,80.0,False,Geen tuin,,False,True,,C.V.-Ketel,C.V.-Ketel,False,,True,True,False,Geen garage,,C:\Users\meesv\Downloads\Selectie-09112025_1401.rtf,52.3714079,4.8794803
"Lauriergracht 114 2, 1016 RR Amsterdam",Lauriergracht,114 2,1016RR,Amsterdam,1250000.0,1250000.0,,2024-11-26,2025-04-10,2025-05-22,134.0,109.0,4.0,3.0,2.0,2.0,1906.0,Appartement,Bovenwoning,,Goed,Goed,250.0,False,Geen tuin,,False,True,,C.V.-Ketel,C.V.-Ketel,False,,True,True,False,Geen garage,,C:\Users\meesv\Downloads\Realworks bestanden\Selectie-22102025_1218.rtf,52.3711554,4.8792481
"Laurierstraat 74 2, 1016 PN Amsterdam",Laurierstraat,74 2,1016PN,Amsterdam,434500.0,420000.0,,2025-06-24,2025-10-15,2025-10-02,63.0,47.0,2.0,1.0,1.0,,1884.0,Appartement,Bovenwoning,C,Goed,Goed,35.0,False,Geen tuin,,False,False,,C.V.-Ketel,C.V.-Ketel,False,,True,True,False,Geen garage,,C:\Users\meesv\Downloads\Selectie-09112025_1403.rtf,52.3722957,4.8810853
"Jekerstraat 61 1, 1078 MA Amsterdam",Jekerstraat,61 1,1078MA,Amsterdam,845000.0,850000.0,,2024-11-14,2025-01-24,2025-02-26,72.0,100.0,3.0,2.0,1.0,,1930.0,Appartement,Bovenwoning,D,Goed,Goed,100.0,False,Geen tuin,,True,True,,C.V.-Ketel,C.V.-Ketel,False,,True,True,False,Geen garage,,C:\Users\meesv\Downloads\Selectie-10112025_2103 (1).rtf,52.3455697,4.8969168
"Oude-IJselstraat 3 H, 1078 CL Amsterdam ",Oude-IJselstraat,3 H,1078CL,Amsterdam,471551.0,445000.0,,2025-07-23,2025-09-18,2025-10-14,28.0,55.0,2.0,1.0,1.0,,1926.0,Appartement,Benedenwoning,E,Redelijk,Redelijk,230.63,True,Achtertuin,43.0,False,False,,C.V.-Ketel,C.V.-Ketel,False,,True,True,False,Geen garage,,C:\Users\meesv\Downloads\Selectie-10112025_1510 (5).rtf,52.3478885,4.9014116
"Prinsengracht 355 A, 1016 HK Amsterdam",Prinsengracht,355 A,1016HK,Amsterdam,1085000.0,1085000.0,,2025-09-11,,,187.0,111.0,5.0,2.0,1.0,,1906.0,Appartement,Benedenwoning,,Goed,Goed,403.0,True,Achtertuin,18.0,False,False,,C.V.-Ketel,C.V.-Ketel,False,,True,True,False,Geen garage,,C:\Users\meesv\Downloads\Selectie-10112025_1552 (2).rtf,52.3720444,4.8833056
"Laurierstraat 38 1, 1016 PN Amsterdam",Laurierstraat,38 1,1016PN,Amsterdam,518000.0,485000.0,,2025-06-23,2025-09-19,2025-09-22,57.0,43.0,2.0,1.0,1.0,,1899.0,Appartement,,B,Goed,Goed,65.0,False,Geen tuin,,True,True,,C.V.-Ketel,C.V.-Ketel,False,,True,True,False,Geen garage,,C:\Users\meesv\Downloads\Selectie-09112025_1403.rtf,52.3724693,4.8817736
"Keizersgracht 494 A, 1017 EH Amsterdam",Keizersgracht,494 A,1017EH,Amsterdam,2250000.0,2250000.0,,2025-09-22,,,50.0,160.0,4.0,2.0,3.0,3.0,1906.0,Appartement,Benedenwoning,,Goed,Goed,380.0,True,Achtertuin,100.0,False,False,,C.V.-Ketel,C.V.-Ketel,False,,True,True,False,Geen garage,,C:\Users\meesv\Downloads\Selectie-10112025_1552 (1).rtf,52.3661043,4.8856194
"Molenbeekstraat 12 2, 1078 XD Amsterdam",Molenbeekstraat,12 2,1078XD,Amsterdam,626000.0,550000.0,,2025-10-03,2025-11-03,2025-12-16,26.0,66.0,3.0,2.0,1.0,,1931.0,Appartement,,E,Goed,Goed,133.0,False,Geen tuin,,True,False,,C.V.-Ketel,C.V.-Ketel,False,,True,True,False,Geen garage,,C:\Users\meesv\Downloads\Selectie-09112025_0825 (1).rtf,52.3439952,4.8943512
"Hazenstraat 17 3, 1016 SM Amsterdam",Hazenstraat,17 3,1016SM,Amsterdam,545000.0,495000.0,,2024-06-21,2024-08-29,2024-08-05,28.0,54.0,3.0,2.0,1.0,,1908.0,Appartement,Bovenwoning,D,Redelijk,Goed,260.0,False,,,False,True,,C.V.-Ketel,C.V.-Ketel,False,,True,True,False,Geen garage,,C:\Users\meesv\Downloads\Selectie-09112025_1401 (2).rtf,52.3707359,4.8799436
"Diezestraat 20 2, 1078 JR Amsterdam",Diezestraat,20 2,1078JR,Amsterdam,1534000.0,1450000.0,,2025-04-08,2025-07-15,2025-07-15,21.0,152.0,5.0,4.0,2.0,,1929.0,Appartement,Bovenwoning,B,Uitstekend,Uitstekend,180.0,False,Geen tuin,,True,True,,C.V.-Ketel,C.V.-Ketel,False,,True,True,False,Geen garage,,C:\Users\meesv\Downloads\Selectie-09112025_0826.rtf,52.3455931,4.8917359
"Prinsengracht 258 B, 1016 HG Amsterdam",Prinsengracht,258 B,1016HG,Amsterdam,625000.0,625000.0,,2025-07-16,,,347.0,66.0,2.0,1.0,1.0,,1870.0,Appartement,Bovenwoning,B,Goed,Goed,,False,Geen tuin,,True,False,,C.V.-Ketel,C.V.-Ketel,False,,True,True,False,Geen garage,,C:\Users\meesv\Downloads\Selectie-10112025_1552 (2).rtf,52.3715197,4.8825037
"Keizersgracht 444 F, 1016 GD Amsterdam",Keizersgracht,444 F,1016GD,Amsterdam,1200000.0,1200000.0,,2025-09-24,,,107.0,94.0,4.0,2.0,1.0,,1720.0,Appartement,,D,Uitstekend,Uitstekend,295.8,False,Geen tuin,,False,False,,C.V.-Ketel,C.V.-Ketel,False,,True,True,False,Geen garage,,C:\Users\meesv\Downloads\Selectie-10112025_1552 (1).rtf,52.3676524,4.8840162
"Eerste Looiersdwarsstraat 29 H, 1016 VL Amsterdam",Eerste Looiersdwarsstraat,29 H,1016VL,Amsterdam,475000.0,475000.0,,2025-09-01,,,57.0,46.0,2.0,1.0,1.0,,1775.0,Appartement,Benedenwoning,E,Goed,Goed,70.0,False,Geen tuin,,False,False,,C.V.-Ketel,C.V.-Ketel,False,,True,True,False,Geen garage,,C:\Users\meesv\Downloads\Selectie-27102025_1750 (1).rtf,52.3687106,4.8813321
"Deurloostraat 58 1, 1078 JE Amsterdam",Deurloostraat,58 1,1078JE,Amsterdam,658750.0,635000.0,,2025-07-03,2025-08-14,2025-09-02,27.0,84.0,4.0,3.0,1.0,,1928.0,Appartement,,E,Redelijk,Redelijk,286.0,False,Geen tuin,,True,True,,,Elektrisch,False,,True,True,False,Geen garage,,C:\Users\meesv\Downloads\Selectie-10112025_2049 (1).rtf,52.3464956,4.8904786
"Keizersgracht 18 B, 1015 CP Amsterdam",Keizersgracht,18 B,1015CP,Amsterdam,1500000.0,1500000.0,,2025-09-03,,,69.0,130.0,4.0,2.0,2.0,2.0,1886.0,Appartement,,,Goed,Goed,264.0,False,Geen tuin,,True,True,,C.V.-Ketel,C.V.-Ketel,False,,True,True,False,Geen garage,,C:\Users\meesv\Downloads\Selectie-10112025_1552 (1).rtf,52.3792432,4.889025
"Utrechtsedwarsstraat 57 B, 1017 WC Amsterdam",Utrechtsedwarsstraat,57 B,1017WC,Amsterdam,562500.0,525000.0,,2024-11-23,2024-12-12,2024-12-23,14.0,59.0,3.0,2.0,1.0,,1984.0,Appartement,Bovenwoning,B,Goed,Goed,100.0,False,Geen tuin,,True,True,,C.V.-Ketel,C.V.-Ketel,False,,True,True,False,Geen garage,,C:\Users\meesv\Downloads\Selectie-10112025_1606 (2).rtf,52.3614396,4.8984593
"Herengracht 116 C, 1015 BT Amsterdam",Herengracht,116 C,1015BT,Amsterdam,2250000.0,2250000.0,,2025-07-09,,,190.0,264.0,5.0,4.0,2.0,,1726.0,Appartement,,B,Goed,Goed,335.0,True,Achtertuin,135.0,False,False,,C.V.-Ketel,C.V.-Ketel,False,,True,True,False,Geen garage,,C:\Users\meesv\Downloads\Selectie-10112025_1552 (3).rtf,52.3759583,4.8885479
"Keizersgracht 483 B, 1017 DL Amsterdam",Keizersgracht,483 B,1017DL,Amsterdam,1000000.0,1000000.0,,2025-09-08,,,151.0,108.0,3.0,2.0,1.0,,1906.0,Appartement,Bovenwoning,,Goed,Goed,380.0,False,,,True,True,,C.V.-Ketel,C.V.-Ketel,False,,True,True,False,Geen garage,,C:\Users\meesv\Downloads\Selectie-10112025_1552 (1).rtf,52.3656721,4.8875332
"Deurloostraat 50 3, 1078 JD Amsterdam",Deurloostraat,50 3,1078JD,Amsterdam,752000.0,700000.0,,2025-04-23,2025-08-08,2025-08-01,28.0,81.0,4.0,2.0,1.0,,1928.0,Appartement,,B,Goed,Goed,100.0,False,Geen tuin,,True,True,,C.V.-Ketel,C.V.-Ketel,False,,True,True,False,Geen garage,,C:\Users\meesv\Downloads\Selectie-10112025_2049 (1).rtf,52.3464291,4.8916828
"Elandsstraat 35 D, 1016 RX Amsterdam",Elandsstraat,35 D,1016RX,Amsterdam,877000.0,799000.0,,2025-02-06,2025-03-13,2025-04-15,30.0,87.0,4.0,3.0,1.0,2.0,1906.0,Appartement,Bovenwoning,C,Redelijk,Redelijk,160.0,False,Geen tuin,,True,True,,C.V.-Ketel,C.V.-Ketel,False,,True,True,False,Geen garage,,C:\Users\meesv\Downloads\Selectie-09112025_1402 (2).rtf,52.3705975,4.8813547
"Utrechtsestraat 8 1, 1017 VN Amsterdam",Utrechtsestraat,8 1,1017VN,Amsterdam,525000.0,525000.0,,2025-02-26,2025-03-17,2025-04-11,16.0,61.0,2.0,1.0,1.0,,1906.0,Appartement,Bovenwoning,B,Goed,Goed,183.0,False,Geen tuin,,False,False,,C.V.-Ketel,C.V.-Ketel,False,,True,True,False,Geen garage,,C:\Users\meesv\Downloads\Selectie-10112025_1606 (4).rtf,52.3655988,4.8974667
"Jekerstraat 46 3, 1078 MD Amsterdam",Jekerstraat,46 3,1078MD,Amsterdam,1015000.0,995000.0,,2025-07-01,2025-08-22,2025-09-08,35.0,117.0,3.0,2.0,1.0,,1929.0,Appartement,Maisonnette,D,Goed,Goed,116.0,False,,,False,True,,C.V.-Ketel,C.V.-Ketel,False,,True,True,False,Geen garage,,C:\Users\meesv\Downloads\Selectie-10112025_2103 (1).rtf,52.3461407,4.8979963
"Roerstraat 93 C, 1078 LL Amsterdam",Roerstraat,93 C,1078LL,Amsterdam,825000.0,750000.0,,2024-12-03,2025-02-13,2025-02-13,22.0,74.0,3.0,2.0,1.0,,1931.0,Appartement,Benedenwoning,A,Goed,Goed,165.0,True,Achtertuin,24.0,False,False,,C.V.-Ketel,C.V.-Ketel,False,,True,True,False,Geen garage,,C:\Users\meesv\Downloads\Selectie-10112025_1511 (1).rtf,52.3439085,4.8972727
"Tuinstraat 235 B, 1015 PD Amsterdam",Tuinstraat,235 B,1015PD,Amsterdam,525000.0,500000.0,,2024-09-11,2024-12-08,2025-01-03,62.0,56.0,2.0,1.0,1.0,,1987.0,Appartement,Bovenwoning,A,Goed,Goed,123.16,False,Geen tuin,,True,True,,C.V.-Ketel,C.V.-Ketel,False,,True,True,False,Geen garage,,C:\Users\meesv\Downloads\Selectie-18102025_1507.rtf,52.3762589,4.8789401
"Prinsengracht 71 A, 1015 DL Amsterdam",Prinsengracht,71 A,1015DL,Amsterdam,850000.0,850000.0,,2025-10-30,,,12.0,118.0,3.0,2.0,2.0,,1906.0,Appartement,,,Goed,Redelijk,500.0,True,Achtertuin,,False,False,,C.V.-Ketel,C.V.-Ketel,False,,True,True,False,Geen garage,,C:\Users\meesv\Downloads\Selectie-10112025_1552 (2).rtf,52.3789554,4.8874274
"Herengracht 455 C, 1017 BS Amsterdam",Herengracht,455 C,1017BS,Amsterdam,800000.0,800000.0,,2025-09-17,,,223.0,77.0,3.0,2.0,1.0,,1906.0,Appartement,Bovenwoning,,Uitstekend,Uitstekend,342.0,False,Geen tuin,,False,False,,C.V.-Ketel,C.V.-Ketel,False,,True,True,False,Geen garage,,C:\Users\meesv\Downloads\Selectie-10112025_1552 (3).rtf,52.3665778,4.8891819
"Keizersgracht 691 C, 1017 DW Amsterdam",Keizersgracht,691 C,1017DW,Amsterdam,850000.0,850000.0,,2025-06-24,,,140.0,70.0,3.0,2.0,1.0,,1680.0,Appartement,Bovenwoning,,Goed,Goed,,False,Geen tuin,,False,True,,C.V.-Ketel,C.V.-Ketel,False,,True,True,False,Geen garage,,C:\Users\meesv\Downloads\Selectie-10112025_1552 (1).rtf,52.3638706,4.8973018
"Tweede Laurierdwarsstraat 45 III, 1016 RA Amsterdam",Tweede Laurierdwarsstraat,45 III,1016RA,Amsterdam,510000.0,510000.0,,2024-01-29,2024-02-19,2024-04-15,16.0,42.0,3.0,2.0,1.0,,1906.0,Appartement,Bovenwoning,A,Uitstekend,Uitstekend,84.0,False,Geen tuin,,False,False,,C.V.-Ketel,C.V.-Ketel,False,,True,True,False,Geen garage,,C:\Users\meesv\Downloads\Selectie-09112025_1401.rtf,52.3714657,4.8793547
"Merwedeplein 49, 1078 NC Amsterdam",Merwedeplein,49,1078NC,Amsterdam,800000.0,835000.0,,2025-06-30,2025-08-19,2025-08-29,51.0,99.0,3.0,2.0,1.0,,1931.0,Appartement,Benedenwoning,B,Goed,Goed,220.0,True,Achtertuin,,False,False,,C.V.-Ketel,C.V.-Ketel,False,,True,True,False,Geen garage,,C:\Users\meesv\Downloads\Selectie-10112025_1510 (6).rtf,52.3452074,4.9005749
"Tuinstraat 54, 1015 PG Amsterdam",Tuinstraat,54,1015PG,Amsterdam,1275000.0,1295000.0,,2025-09-03,2025-10-09,2025-11-17,34.0,138.0,5.0,3.0,2.0,2.0,1905.0,Woonhuis,,E,Goed,Goed,,True,Achtertuin,15.0,False,False,,C.V.-Ketel,C.V.-Ketel,False,,True,True,False,Geen garage,,C:\Users\meesv\Downloads\Selectie-18102025_1507.rtf,52.3775033,4.88411
"Herengracht 114 HV, 1015 BT Amsterdam",Herengracht,114 HV,1015BT,Amsterdam,895000.0,895000.0,,2025-10-15,,,102.0,104.0,3.0,2.0,1.0,,1906.0,Appartement,Benedenwoning,,Redelijk,Goed,279.37,True,Patio,,False,True,,C.V.-Ketel,C.V.-Ketel,False,,True,True,False,Geen garage,,C:\Users\meesv\Downloads\Selectie-10112025_1552 (3).rtf,52.3760126,4.8886451
"Deurloostraat 115 1, 1078 HX Amsterdam",Deurloostraat,115 1,1078HX,Amsterdam,928000.0,850000.0,,2025-09-30,2025-10-23,2026-01-26,17.0,92.0,4.0,2.0,1.0,,1928.0,Appartement,Bovenwoning,D,Uitstekend,Goed,335.0,False,Geen tuin,,True,True,,,Elektrisch,False,,True,True,False,Geen garage,,C:\Users\meesv\Downloads\Selectie-10112025_2049 (1).rtf,52.3464197,4.8873828
"Eerste Laurierdwarsstraat 22, 1016 PZ Amsterdam",Eerste Laurierdwarsstraat,22,1016PZ,Amsterdam,2000000.0,2000000.0,,2024-12-17,2025-04-04,,109.0,118.0,,,,,1831.0,Woonhuis,,,,,,False,,,False,False,,,,False,,False,False,False,,,C:\Users\meesv\Downloads\Realworks bestanden\Selectie-22102025_1126.rtf,52.3720254,4.880971
"Raamstraat 35 1, 1016 XL Amsterdam",Raamstraat,35 1,1016XL,Amsterdam,410000.0,399000.0,,2025-01-24,2025-06-18,2025-04-22,64.0,44.0,2.0,1.0,1.0,,1959.0,Appartement,,D,Redelijk,Redelijk,160.0,False,Geen tuin,,False,False,,,C.V.-Ketel,False,,True,True,False,Geen garage,,C:\Users\meesv\Downloads\Selectie-09112025_0800 (1).rtf,52.3659753,4.8806436
"Deurloostraat 59 H, 1078 HT Amsterdam",Deurloostraat,59 H,1078HT,Amsterdam,882000.0,900000.0,,2025-05-13,2025-11-05,2025-10-15,59.0,107.0,6.0,3.0,1.0,,1929.0,Appartement,,D,Goed,Goed,202.79,True,Achtertuin,9.0,False,False,,C.V.-Ketel,C.V.-Ketel,False,,True,True,False,Geen garage,,C:\Users\meesv\Downloads\Selectie-10112025_2049 (1).rtf,52.346259,4.8898363
"Lauriergracht 69 H, 1016 RG Amsterdam",Lauriergracht,69 H,1016RG,Amsterdam,395000.0,395000.0,,2025-09-01,,,52.0,38.0,2.0,1.0,1.0,,1939.0,Appartement,Benedenwoning,G,Goed,Goed,157.0,False,Geen tuin,,False,False,,C.V.-Ketel,C.V.-Ketel,False,,True,True,False,Geen garage,,C:\Users\meesv\Downloads\Realworks bestanden\Selectie-22102025_1218.rtf,52.3709598,4.8797944
"Biesboschstraat 55 1, 1078 MN Amsterdam",Biesboschstraat,55 1,1078MN,Amsterdam,835055.0,725000.0,,2025-02-24,2025-03-27,2025-03-31,19.0,78.0,4.0,2.0,1.0,,1930.0,Appartement,,C,Goed,Goed,169.0,False,,,True,True,,C.V.-Ketel,C.V.-Ketel,False,,True,True,False,Geen garage,,C:\Users\meesv\Downloads\Selectie-10112025_1511.rtf,52.3450232,4.8973337
"Falckstraat 31 C, 1017 VV Amsterdam",Falckstraat,31 C,1017VV,Amsterdam,765000.0,750000.0,,2025-04-17,2025-07-07,2025-07-08,49.0,57.0,3.0,2.0,1.0,,1906.0,Appartement,Bovenwoning,A,Uitstekend,Uitstekend,,False,Geen tuin,,True,True,,C.V.-Ketel,C.V.-Ketel,False,,True,True,False,Geen garage,,C:\Users\meesv\Downloads\Selectie-10112025_1606 (1).rtf,52.3606869,4.8969727
"Elandsgracht 144 1, 1016 VC Amsterdam",Elandsgracht,144 1,1016VC,Amsterdam,338000.0,295000.0,,2025-02-04,2025-05-16,2025-04-02,30.0,27.0,2.0,1.0,,,1913.0,Appartement,Bovenwoning,F,Goed,Goed,62.5,False,Geen tuin,,False,False,,C.V.-Ketel,C.V.-Ketel,False,,True,True,False,Geen garage,,C:\Users\meesv\Downloads\Realworks bestanden\Selectie-22102025_1210.rtf,52.369085,4.8785378
"Herengracht 391 C, 1016 BC Amsterdam",Herengracht,391 C,1016BC,Amsterdam,1295000.0,1295000.0,,2025-09-15,,,57.0,135.0,4.0,3.0,2.0,,1650.0,Appartement,Bovenwoning,,Redelijk,Goed,349.02,False,,,False,True,,C.V.-Ketel,C.V.-Ketel,False,,True,True,False,Geen garage,,C:\Users\meesv\Downloads\Selectie-10112025_1552 (3).rtf,52.3683487,4.8871358
"Prinsengracht 197 A, 1015 DT Amsterdam",Prinsengracht,197 A,1015DT,Amsterdam,650000.0,650000.0,,2025-10-27,,,15.0,74.0,2.0,1.0,1.0,,1906.0,Appartement,Bovenwoning,,Redelijk,Redelijk,,False,Geen tuin,,False,False,,C.V.-Ketel,C.V.-Ketel,False,,True,True,False,Geen garage,,C:\Users\meesv\Downloads\Selectie-10112025_1552 (2).rtf,52.3774668,4.8860784
"Biesboschstraat 89 1, 1078 MR Amsterdam",Biesboschstraat,89 1,1078MR,Amsterdam,715000.0,699000.0,,2025-07-30,2025-11-08,2025-10-28,56.0,84.0,4.0,2.0,1.0,,1930.0,Appartement,Bovenwoning,D,Goed,Goed,280.45,False,Geen tuin,,True,True,,C.V.-Ketel,C.V.-Ketel,False,,True,True,False,Geen garage,,C:\Users\meesv\Downloads\Selectie-10112025_1511.rtf,52.3448286,4.8959124
"Herengracht 592 D, 1017 CJ Amsterdam",Herengracht,592 D,1017CJ,Amsterdam,1395000.0,1395000.0,,2025-10-29,,,13.0,139.0,4.0,2.0,1.0,,1670.0,Appartement,Bovenwoning,E,Goed,Goed,355.0,False,,,True,True,,C.V.-Ketel,C.V.-Ketel,False,,True,True,False,Geen garage,,C:\Users\meesv\Downloads\Selectie-10112025_1552 (3).rtf,52.3653109,4.9001047
"Eerste Rozendwarsstraat 13 H, 1016 PC Amsterdam",Eerste Rozendwarsstraat,13 H,1016PC,Amsterdam,540000.0,495000.0,,2025-06-10,2025-09-16,2025-09-09,49.0,51.0,2.0,1.0,1.0,,1906.0,Appartement,Benedenwoning,B,Goed,Goed,99.34,False,Geen tuin,,False,False,,C.V.-Ketel,C.V.-Ketel,False,,True,True,False,Geen garage,,C:\Users\meesv\Downloads\Selectie-09112025_1402.rtf,52.3728418,4.880595
"Elandsstraat 41, 1016 RX Amsterdam",Elandsstraat,41,1016RX,Amsterdam,650000.0,585000.0,,2024-02-28,2024-04-16,2024-04-16,27.0,61.0,3.0,2.0,1.0,,2000.0,Appartement,Bovenwoning,A,Goed,Goed,,False,Geen tuin,,True,True,,C.V.-Ketel,C.V.-Ketel,False,,True,True,False,Geen garage,,C:\Users\meesv\Downloads\Selectie-09112025_1402 (2).rtf,52.3705703,4.8812667
"Oude Looiersstraat 52, 1016 VK Amsterdam",Oude Looiersstraat,52,1016VK,Amsterdam,1295000.0,1295000.0,,2024-02-27,2024-05-13,2024-05-13,77.0,130.0,4.0,3.0,1.0,,1875.0,Woonhuis,,B,Uitstekend,Goed,,False,,,False,True,,C.V.-Ketel,C.V.-Ketel,False,,True,True,False,Geen garage,,C:\Users\meesv\Downloads\Selectie-09112025_1400.rtf,52.3692019,4.8806361
"Niersstraat 42 1, 1078 VL Amsterdam",Niersstraat,42 1,1078VL,Amsterdam,659777.0,595000.0,,2025-05-15,2025-08-05,2025-08-05,27.0,79.0,3.0,2.0,,,1930.0,Appartement,Bovenwoning,D,Goed,Goed,336.85,False,Geen tuin,,True,True,,C.V.-Ketel,C.V.-Ketel,False,,True,True,False,Geen garage,,C:\Users\meesv\Downloads\Selectie-10112025_2050 (3).rtf,52.34294,4.8934679
"Herengracht 375 2, 1016 BC Amsterdam",Herengracht,375 2,1016BC,Amsterdam,499000.0,499000.0,,2025-09-05,,,67.0,45.0,2.0,1.0,,,1941.0,Appartement,Bovenwoning,C,Goed,Goed,150.69,False,Geen tuin,,True,True,,C.V.-Ketel,C.V.-Ketel,False,,True,True,False,Geen garage,,C:\Users\meesv\Downloads\Selectie-10112025_1552 (3).rtf,52.3685643,4.8871187
"Lijnbaansgracht 118 3V, 1016 VV Amsterdam",Lijnbaansgracht,118 3V,1016VV,Amsterdam,817118.0,725000.0,,2025-01-16,2025-03-13,2025-03-13,28.0,110.0,4.0,3.0,1.0,,1884.0,Appartement,Bovenwoning,C,Goed,Goed,,False,Geen tuin,,True,True,,C.V.-Ketel,C.V.-Ketel,False,,True,True,False,Geen garage,,C:\Users\meesv\Downloads\Realworks bestanden\Selectie-22102025_1221.rtf,52.3721052,4.8765067
"Diezestraat 6 2, 1078 JP Amsterdam",Diezestraat,6 2,1078JP,Amsterdam,1262062.0,1300000.0,,2025-07-05,2025-08-18,2025-09-30,38.0,145.0,5.0,4.0,2.0,,1930.0,Appartement,Bovenwoning,A,Uitstekend,Uitstekend,166.93,False,Geen tuin,,True,True,,C.V.-Ketel,C.V.-Ketel,False,,True,True,False,Geen garage,,C:\Users\meesv\Downloads\Selectie-09112025_0826.rtf,52.3460608,4.891804
"Eerste Tuindwarsstraat 4 1, 1015 RV Amsterdam",Eerste Tuindwarsstraat,4 1,1015RV,Amsterdam,425000.0,395000.0,,2024-11-27,2025-01-16,2025-03-17,41.0,42.0,2.0,1.0,1.0,,1912.0,Appartement,Bovenwoning,B,Goed,Redelijk,50.0,False,Geen tuin,,True,False,,C.V.-Ketel,C.V.-Ketel,False,,True,True,False,Geen garage,,C:\Users\meesv\Downloads\Selectie-18102025_1511 (1).rtf,52.3776988,4.8835791
"Utrechtsedwarsstraat 126 H, 1017 WJ Amsterdam",Utrechtsedwarsstraat,126 H,1017WJ,Amsterdam,617500.0,587500.0,,2025-06-19,2025-10-02,2025-10-06,69.0,65.0,2.0,1.0,1.0,,1906.0,Appartement,Maisonnette,B,Goed,Goed,73.0,False,Geen tuin,,False,False,,C.V.-Ketel,C.V.-Ketel,False,,True,True,False,Geen garage,,C:\Users\meesv\Downloads\Selectie-10112025_1606 (2).rtf,52.3617642,4.900966
"Victorieplein 19 1, 1079 KL Amsterdam",Victorieplein,19 1,1079KL,Amsterdam,710000.0,725000.0,,2025-05-13,2025-07-07,2025-07-09,42.0,107.0,3.0,2.0,1.0,,1932.0,Appartement,Bovenwoning,F,Redelijk,Goed,118.09,False,Geen tuin,,True,True,,C.V.-Ketel,C.V.-Ketel,False,,True,True,False,Geen garage,,C:\Users\meesv\Downloads\Selectie-10112025_2050 (2).rtf,52.3453391,4.904213
"Prinsengracht 334 E, 1016 HZ Amsterdam",Prinsengracht,334 E,1016HZ,Amsterdam,425000.0,425000.0,,2025-09-04,,,68.0,42.0,3.0,2.0,1.0,,1750.0,Appartement,Bovenwoning,C,Goed,Goed,,False,Geen tuin,,False,False,,C.V.-Ketel,C.V.-Ketel,False,,True,True,False,Geen garage,,C:\Users\meesv\Downloads\Selectie-10112025_1552 (2).rtf,52.368581,4.8822099
"Elandsgracht 61 C, 1016 TP Amsterdam",Elandsgracht,61 C,1016TP,Amsterdam,475000.0,450000.0,,2025-06-16,2025-08-26,2025-08-26,31.0,46.0,2.0,1.0,,,2005.0,Appartement,Bovenwoning,B,Goed,Goed,100.0,False,Geen tuin,,True,True,,C.V.-Ketel,C.V.-Ketel,False,,True,True,False,Geen garage,,C:\Users\meesv\Downloads\Realworks bestanden\Selectie-22102025_1210.rtf,52.3692995,4.8803414
"Keizersgracht 129 A, 1015 CJ Amsterdam",Keizersgracht,129 A,1015CJ,Amsterdam,1150000.0,1150000.0,,2025-07-25,,,237.0,152.0,2.0,1.0,,,1880.0,Appartement,Benedenwoning,,Matig,Redelijk,312.5,True,Achtertuin,53.0,False,False,,C.V.-Ketel,C.V.-Ketel,False,,True,True,False,,,C:\Users\meesv\Downloads\Selectie-10112025_1552 (1).rtf,52.3761591,4.8871505
"Laurierstraat 67 D, 1016 PJ Amsterdam",Laurierstraat,67 D,1016PJ,Amsterdam,366000.0,325000.0,,2025-06-25,2025-09-01,2025-08-14,41.0,32.0,1.0,1.0,1.0,,1897.0,Appartement,,C,Goed,Goed,129.0,False,Geen tuin,,True,False,,C.V.-Ketel,C.V.-Ketel,False,,True,True,False,Geen garage,,C:\Users\meesv\Downloads\Selectie-09112025_1403.rtf,52.3719787,4.8805457
"Keizersgracht 699 D, 1017 DW Amsterdam",Keizersgracht,699 D,1017DW,Amsterdam,1100000.0,1100000.0,,2025-10-13,,,140.0,81.0,4.0,3.0,1.0,,1690.0,Appartement,Bovenwoning,C,Uitstekend,Goed,,False,Geen tuin,,False,False,,C.V.-Ketel,C.V.-Ketel,False,,True,True,False,Geen garage,,C:\Users\meesv\Downloads\Selectie-10112025_1552 (1).rtf,52.3640615,4.8986215
"Keizersgracht 391 F, 1016 EJ Amsterdam",Keizersgracht,391 F,1016EJ,Amsterdam,975000.0,975000.0,,2025-09-15,,,57.0,120.0,4.0,3.0,,,1671.0,Appartement,Bovenwoning,,Goed,Goed,162.2,False,Geen tuin,,False,True,,,,False,,True,True,False,Geen garage,,C:\Users\meesv\Downloads\Selectie-10112025_1552 (1).rtf,52.3678879,4.8849137
"Tweede Bloemdwarsstraat 34 A, 1016 LM Amsterdam",Tweede Bloemdwarsstraat,34 A,1016LM,Amsterdam,775000.0,750000.0,,2025-09-21,2025-11-08,2025-12-02,31.0,83.0,4.0,3.0,1.0,,1982.0,Appartement,Bovenwoning,C,Uitstekend,Uitstekend,203.66,False,Geen tuin,,True,True,,C.V.-Ketel,C.V.-Ketel,False,,True,True,False,Geen garage,,C:\Users\meesv\Downloads\Selectie-09112025_0807.rtf,52.3734185,4.8796919
"Laurierstraat 26 4, 1016 PM Amsterdam",Laurierstraat,26 4,1016PM,Amsterdam,400000.0,395000.0,,2024-11-22,2025-01-08,2025-01-13,33.0,54.0,2.0,1.0,1.0,,1871.0,Appartement,Bovenwoning,C,Goed,Goed,120.0,False,Geen tuin,,False,False,,C.V.-Ketel,C.V.-Ketel,False,,True,True,False,Geen garage,,C:\Users\meesv\Downloads\Selectie-09112025_1403.rtf,52.3718938,4.879783
"Molenbeekstraat 28 H, 1078 XE Amsterdam",Molenbeekstraat,28 H,1078XE,Amsterdam,970000.0,895000.0,,2025-02-26,2025-08-08,2025-08-08,27.0,99.0,5.0,2.0,1.0,,1930.0,Appartement,Benedenwoning,A,Goed,Goed,151.25,True,Achtertuin,53.0,False,True,,C.V.-Ketel,C.V.-Ketel,False,,True,True,False,Geen garage,,C:\Users\meesv\Downloads\Selectie-09112025_0825 (1).rtf,52.343555,4.8944292
"Keizersgracht 74 K, 1015 CT Amsterdam",Keizersgracht,74 K,1015CT,Amsterdam,2000000.0,2000000.0,,2025-01-29,,,381.0,237.0,3.0,2.0,2.0,2.0,1625.0,Appartement,Benedenwoning,,Uitstekend,Uitstekend,216.0,False,,,False,False,,C.V.-Ketel,C.V.-Ketel,False,,True,True,False,Geen garage,,C:\Users\meesv\Downloads\Selectie-10112025_1552 (1).rtf,52.3779868,4.8879083
"Raamstraat 11 3, 1016 XL Amsterdam",Raamstraat,11 3,1016XL,Amsterdam,820100.0,750000.0,,2024-06-14,2024-08-16,2024-08-27,33.0,100.0,3.0,2.0,1.0,,1848.0,Appartement,Maisonnette,C,Goed,Goed,171.87,False,Geen tuin,,True,True,,C.V.-Ketel,C.V.-Ketel,False,,True,True,False,Geen garage,,C:\Users\meesv\Downloads\Selectie-09112025_1401 (3).rtf,52.3663119,4.8816532
"Lauriergracht 166 A, 1016 RV Amsterdam",Lauriergracht,166 A,1016RV,Amsterdam,1146000.0,1200000.0,,2025-05-20,2025-08-08,2025-09-05,74.0,102.0,8.0,3.0,1.0,,1936.0,Appartement,Bovenwoning,,Goed,Goed,102.0,False,Geen tuin,,True,True,,C.V.-Ketel,C.V.-Ketel,False,,True,True,False,Geen garage,,C:\Users\meesv\Downloads\Realworks bestanden\Selectie-22102025_1218.rtf,52.370689,4.8774181
"Eerste Looiersdwarsstraat 26 B, 1016 VM Amsterdam",Eerste Looiersdwarsstraat,26 B,1016VM,Amsterdam,640000.0,640000.0,,2025-10-01,,,27.0,72.0,3.0,2.0,1.0,,1998.0,Appartement,,A,Goed,Goed,157.57,False,Geen tuin,,True,True,,C.V.-Ketel,C.V.-Ketel,False,,True,True,False,Geen garage,,C:\Users\meesv\Downloads\Selectie-27102025_1750 (1).rtf,52.3686917,4.8811265
"Herengracht 553 1, 1017 BW Amsterdam",Herengracht,553 1,1017BW,Amsterdam,1750000.0,1750000.0,,2025-09-05,,,67.0,144.0,4.0,3.0,2.0,,1670.0,Appartement,,,Uitstekend,Uitstekend,340.0,False,Geen tuin,,False,False,,C.V.-Ketel,C.V.-Ketel,False,,True,True,False,Geen garage,,C:\Users\meesv\Downloads\Selectie-10112025_1552 (3).rtf,52.3650841,4.895233
"Tuinstraat 248, 1015 PK Amsterdam",Tuinstraat,248,1015PK,Amsterdam,385000.0,365000.0,,2025-03-03,2025-04-18,2025-04-04,19.0,38.0,2.0,1.0,1.0,,1988.0,Appartement,Bovenwoning,A,Redelijk,Redelijk,231.5,True,Achtertuin,,True,True,,C.V.-Ketel,C.V.-Ketel,False,,True,True,False,Geen garage,,C:\Users\meesv\Downloads\Selectie-18102025_1507.rtf,52.3764583,4.8793197
"Elandsgracht 59 1A, 1016 TN Amsterdam",Elandsgracht,59 1A,1016TN,Amsterdam,375000.0,350000.0,,2025-07-01,2025-10-06,2025-09-25,32.0,30.0,2.0,1.0,1.0,,1851.0,Appartement,Bovenwoning,C,Uitstekend,Uitstekend,94.04,False,Geen tuin,,True,True,,C.V.-Ketel,C.V.-Ketel,False,,True,True,False,Geen garage,,C:\Users\meesv\Downloads\Realworks bestanden\Selectie-22102025_1210.rtf,52.3693415,4.8803923
"Utrechtsestraat 88 D, 1017 VR Amsterdam",Utrechtsestraat,88 D,1017VR,Amsterdam,401000.0,300000.0,,2024-12-09,2025-04-14,2025-03-21,61.0,30.0,2.0,1.0,1.0,,1842.0,Appartement,Bovenwoning,C,Goed,Goed,,False,Geen tuin,,False,False,,C.V.-Ketel,C.V.-Ketel,False,,True,True,False,Geen garage,,C:\Users\meesv\Downloads\Selectie-10112025_1606 (4).rtf,52.3625548,4.898667
"Herengracht 375 H, 1016 BC Amsterdam",Herengracht,375 H,1016BC,Amsterdam,975000.0,975000.0,,2025-11-07,,,4.0,96.0,4.0,2.0,2.0,,1941.0,Appartement,,D,Goed,Goed,329.55,False,Geen tuin,,True,True,,C.V.-Ketel,C.V.-Ketel,False,,True,True,False,Geen garage,,C:\Users\meesv\Downloads\Selectie-10112025_1552 (3).rtf,52.3685642,4.8870893
"Herengracht 149 2, 1015 BH Amsterdam",Herengracht,149 2,1015BH,Amsterdam,1250000.0,1250000.0,,2025-09-15,,,92.0,130.0,6.0,3.0,2.0,2.0,1652.0,Appartement,Bovenwoning,C,Goed,Redelijk,150.0,False,,,True,True,,C.V.-Ketel,C.V.-Ketel,False,,True,True,False,Geen garage,,C:\Users\meesv\Downloads\Selectie-10112025_1552 (3).rtf,52.3752042,4.8887769
"Eerste Tuindwarsstraat 8 H, 1015 RV Amsterdam",Eerste Tuindwarsstraat,8 H,1015RV,Amsterdam,1045000.0,1045000.0,,2025-07-25,2025-08-28,,35.0,123.0,5.0,3.0,1.0,,1876.0,Appartement,,E,Goed,Goed,254.1,False,Geen tuin,,False,True,,C.V.-Ketel,C.V.-Ketel,False,,True,True,False,Geen garage,,C:\Users\meesv\Downloads\Selectie-18102025_1511 (1).rtf,52.3776002,4.8836388
"Lauriergracht 121 2, 1016 RK Amsterdam",Lauriergracht,121 2,1016RK,Amsterdam,685000.0,665000.0,,2024-10-22,2024-12-10,2024-12-27,22.0,83.0,2.0,1.0,1.0,,1915.0,Appartement,Bovenwoning,D,Goed,Redelijk,,False,Geen tuin,,True,True,,C.V.-Ketel,C.V.-Ketel,False,,True,True,False,Geen garage,,C:\Users\meesv\Downloads\Realworks bestanden\Selectie-22102025_1218.rtf,52.3704388,4.8778026
"Deurloostraat 109 2, 1078 HW Amsterdam",Deurloostraat,109 2,1078HW,Amsterdam,775000.0,750000.0,,2025-02-05,2025-03-05,2025-03-04,28.0,82.0,5.0,2.0,1.0,,1929.0,Appartement,Bovenwoning,E,Goed,Goed,200.0,False,Geen tuin,,True,True,,C.V.-Ketel,C.V.-Ketel,False,,True,True,False,Geen garage,,C:\Users\meesv\Downloads\Selectie-10112025_2049 (1).rtf,52.3463505,4.8880438
"Lijnbaansgracht 341 E, 1017 XA Amsterdam",Lijnbaansgracht,341 E,1017XA,Amsterdam,787000.0,750000.0,,2025-01-24,2025-03-18,2025-03-13,27.0,61.0,4.0,3.0,2.0,,1750.0,Appartement,Bovenwoning,C,Uitstekend,Goed,170.68,False,Geen tuin,,False,True,,C.V.-Ketel,C.V.-Ketel,False,,True,True,False,Geen garage,,C:\Users\meesv\Downloads\Realworks bestanden\Selectie-22102025_1221.rtf,52.3600876,4.8932036
"Lauriergracht 114 1, 1016 RR Amsterdam",Lauriergracht,114 1,1016RR,Amsterdam,725000.0,675000.0,,2024-11-26,2025-03-04,2025-04-15,31.0,59.0,2.0,1.0,1.0,,1906.0,Appartement,Bovenwoning,,Goed,Goed,135.0,False,Geen tuin,,True,True,,C.V.-Ketel,C.V.-Ketel,False,,True,True,False,Geen garage,,C:\Users\meesv\Downloads\Realworks bestanden\Selectie-22102025_1218.rtf,52.3711552,4.8792482
"Geleenstraat 17 2, 1078 LC Amsterdam",Geleenstraat,17 2,1078LC,Amsterdam,775007.0,695000.0,,2025-09-25,2025-10-21,2026-01-06,22.0,81.0,3.0,2.0,1.0,,1944.0,Appartement,Bovenwoning,C,Goed,Goed,200.0,False,Geen tuin,,True,True,,C.V.-Ketel,,False,,True,True,False,Geen garage,,C:\Users\meesv\Downloads\Selectie-10112025_2051 (1).rtf,52.3442347,4.8936297
"Herengracht 611 1A, 1017 CE Amsterdam",Herengracht,611 1A,1017CE,Amsterdam,575000.0,575000.0,,2025-10-14,,,28.0,64.0,2.0,1.0,1.0,,1670.0,Appartement,Benedenwoning,E,Goed,Goed,185.2,False,Geen tuin,,False,False,,C.V.-Ketel,C.V.-Ketel,False,,True,True,False,Geen garage,,C:\Users\meesv\Downloads\Selectie-10112025_1552 (3).rtf,52.3656587,4.8994257
"Prinsengracht 79 E, 1015 DM Amsterdam",Prinsengracht,79 E,1015DM,Amsterdam,350000.0,350000.0,,2025-10-27,,,15.0,24.0,1.0,,1.0,,1760.0,Appartement,Portiek,,Goed,Goed,,False,Geen tuin,,True,True,,C.V.-Ketel,C.V.-Ketel,False,,True,True,False,Geen garage,,C:\Users\meesv\Downloads\Selectie-10112025_1552 (2).rtf,52.3788107,4.8872976
"Tweede Laurierdwarsstraat 45 II, 1016 RA Amsterdam",Tweede Laurierdwarsstraat,45 II,1016RA,Amsterdam,600000.0,599000.0,,2024-03-30,2024-05-15,2024-05-31,21.0,48.0,3.0,2.0,1.0,,1906.0,Appartement,Bovenwoning,A,Uitstekend,Uitstekend,116.0,False,Geen tuin,,True,True,,C.V.-Ketel,C.V.-Ketel,False,,True,True,False,Geen garage,,C:\Users\meesv\Downloads\Selectie-09112025_1401.rtf,52.3714657,4.8793547
"Herengracht 5 H, 1015 BA Amsterdam",Herengracht,5 H,1015BA,Amsterdam,1850000.0,1850000.0,,2025-11-03,,,24.0,143.0,6.0,3.0,2.0,2.0,1645.0,Appartement,Benedenwoning,,Uitstekend,Uitstekend,302.0,True,Voortuin,,False,True,,C.V.-Ketel,C.V.-Ketel,False,,True,True,False,Geen garage,,C:\Users\meesv\Downloads\Selectie-10112025_1552 (3).rtf,52.3789573,4.8921862
"Prinsengracht 1033 C, 1017 KP Amsterdam",Prinsengracht,1033 C,1017KP,Amsterdam,1300000.0,1300000.0,,2025-06-27,,,137.0,119.0,5.0,2.0,1.0,,1680.0,Appartement,Benedenwoning,A,Goed,Goed,320.0,True,Achtertuin,,False,False,,,,False,,True,True,False,Geen garage,,C:\Users\meesv\Downloads\Selectie-10112025_1552 (2).rtf,52.3619385,4.8951945
"Rozengracht 247 D, 1016 SX Amsterdam",Rozengracht,247 D,1016SX,Amsterdam,350000.0,350000.0,,2025-09-04,,,49.0,31.0,2.0,1.0,1.0,,1906.0,Appartement,Bovenwoning,A,Goed,Goed,,False,Geen tuin,,True,True,,C.V.-Ketel,C.V.-Ketel,False,,True,True,False,Geen garage,,C:\Users\meesv\Downloads\Realworks bestanden\Selectie-22102025_1207.rtf,52.3718557,4.8751449
"Victorieplein 29 1, 1079 KM Amsterdam",Victorieplein,29 1,1079KM,Amsterdam,740000.0,725000.0,,2025-03-20,2025-07-29,2025-05-22,37.0,112.0,4.0,3.0,1.0,,1932.0,Appartement,Bovenwoning,F,Redelijk,Goed,118.09,False,Geen tuin,,True,True,,C.V.-Ketel,C.V.-Ketel,False,,True,True,False,Geen garage,,C:\Users\meesv\Downloads\Selectie-10112025_2050 (2).rtf,52.3452108,4.9036127
"Biesboschstraat 27, 1078 ML Amsterdam",Biesboschstraat,27,1078ML,Amsterdam,1280000.0,1000000.0,,2025-05-23,2025-06-23,2025-10-16,26.0,102.0,4.0,3.0,1.0,,1930.0,Appartement,Benedenwoning,A,Goed,Goed,150.0,True,Achtertuin,6280.0,False,False,,C.V.-Ketel,C.V.-Ketel,False,,True,True,False,Geen garage,,C:\Users\meesv\Downloads\Selectie-10112025_1511.rtf,52.3451433,4.8981249
"Elandsstraat 38 C, 1016 SG Amsterdam",Elandsstraat,38 C,1016SG,Amsterdam,940000.0,950000.0,,2024-10-16,2024-12-13,2025-02-27,55.0,110.0,3.0,2.0,1.0,,1852.0,Appartement,Bovenwoning,,Goed,Goed,,False,Geen tuin,,False,True,,C.V.-Ketel,C.V.-Ketel,False,,True,True,False,Geen garage,,C:\Users\meesv\Downloads\Selectie-09112025_1402 (2).rtf,52.3707141,4.8811622
"Eerste Laurierdwarsstraat 18 B, 1016 PZ Amsterdam",Eerste Laurierdwarsstraat,18 B,1016PZ,Amsterdam,1275000.0,1275000.0,,2025-06-03,2025-08-07,2025-11-01,66.0,146.0,4.0,3.0,2.0,,1934.0,Woonhuis,,C,Goed,Goed,,False,Geen tuin,,False,True,,,,False,,True,True,False,Geen garage,,C:\Users\meesv\Downloads\Selectie-09112025_0758.rtf,52.3720973,4.8809555
"Elandsstraat 46, 1016 SG Amsterdam",Elandsstraat,46,1016SG,Amsterdam,710000.0,650000.0,,2024-05-22,2024-09-02,2024-09-02,23.0,69.0,2.0,1.0,1.0,,2017.0,Appartement,Benedenwoning,A,Goed,Goed,153.98,True,Achtertuin,14.0,False,False,,C.V.-Ketel,C.V.-Ketel,False,,True,True,False,Geen garage,,C:\Users\meesv\Downloads\Selectie-09112025_1402 (2).rtf,52.3705583,4.880768
"Zoomstraat 53 2, 1078 XH Amsterdam",Zoomstraat,53 2,1078XH,Amsterdam,620000.0,590000.0,,2025-03-28,2025-06-02,2025-05-23,19.0,72.0,3.0,2.0,1.0,,1930.0,Appartement,Bovenwoning,F,Goed,Goed,395.74,False,Geen tuin,,True,True,,C.V.-Ketel,C.V.-Ketel,False,,True,True,False,Geen garage,,C:\Users\meesv\Downloads\Selectie-10112025_1510 (4).rtf,52.3429931,4.893262
"Herengracht 108 D, 1015 BT Amsterdam",Herengracht,108 D,1015BT,Amsterdam,825000.0,825000.0,,2025-09-11,,,61.0,94.0,3.0,2.0,1.0,,1740.0,Appartement,Bovenwoning,,Goed,Goed,243.32,False,Geen tuin,,False,False,,C.V.-Ketel,C.V.-Ketel,False,,True,True,False,Geen garage,,C:\Users\meesv\Downloads\Selectie-10112025_1552 (3).rtf,52.3762188,4.8885744
"Eerste Looiersdwarsstraat 5 A, 1016 VL Amsterdam",Eerste Looiersdwarsstraat,5 A,1016VL,Amsterdam,525000.0,500000.0,,2024-05-23,2024-07-15,2024-07-30,22.0,50.0,2.0,1.0,1.0,,1987.0,Appartement,Bovenwoning,C,Goed,Goed,,False,Geen tuin,,True,True,,C.V.-Ketel,C.V.-Ketel,False,,True,True,False,Geen garage,,C:\Users\meesv\Downloads\Selectie-09112025_1401 (1).rtf,52.3694453,4.8808096
"Victorieplein 39 2, 1078 PD Amsterdam",Victorieplein,39 2,1078PD,Amsterdam,950001.0,925000.0,,2024-11-24,2024-12-23,2025-02-28,26.0,113.0,4.0,3.0,1.0,,1931.0,Appartement,Bovenwoning,C,Goed,Goed,366.0,False,Geen tuin,,True,True,,C.V.-Ketel,,False,,True,True,False,Geen garage,,C:\Users\meesv\Downloads\Selectie-10112025_2050 (2).rtf,52.3456198,4.9025514
"Merwedeplein 46 3, 1078 NG Amsterdam",Merwedeplein,46 3,1078NG,Amsterdam,1025000.0,950000.0,,2025-02-28,2025-05-15,2025-05-06,27.0,126.0,5.0,4.0,2.0,,1931.0,Appartement,Bovenwoning,C,Goed,Goed,276.83,False,Geen tuin,,True,True,,C.V.-Ketel,C.V.-Ketel,False,,True,True,False,Geen garage,,C:\Users\meesv\Downloads\Selectie-10112025_1510 (6).rtf,52.3460336,4.9003902
"Elandsstraat 58, 1016 SG Amsterdam",Elandsstraat,58,1016SG,Amsterdam,958958.0,900000.0,,2024-10-20,2025-04-17,2025-04-03,117.0,116.0,3.0,2.0,2.0,,2017.0,Appartement,Maisonnette,A,Goed,Goed,336.84,False,Geen tuin,,True,True,,C.V.-Ketel,C.V.-Ketel,False,,True,True,False,Geen garage,,C:\Users\meesv\Downloads\Selectie-09112025_1402 (2).rtf,52.3705756,4.8807393
"Victorieplein 19 2, 1079 KL Amsterdam",Victorieplein,19 2,1079KL,Amsterdam,1025000.0,950000.0,,2025-02-21,2025-03-27,2025-06-06,34.0,172.0,8.0,6.0,1.0,,1932.0,Appartement,Bovenwoning,F,Redelijk,Goed,180.0,False,Geen tuin,,True,True,,C.V.-Ketel,C.V.-Ketel,False,,True,True,False,Geen garage,,C:\Users\meesv\Downloads\Selectie-10112025_2050 (2).rtf,52.3453389,4.9042129
"Utrechtsestraat 53 B, 1017 VJ Amsterdam",Utrechtsestraat,53 B,1017VJ,Amsterdam,740535.0,625000.0,,2025-02-10,2025-03-14,2025-04-17,29.0,67.0,3.0,2.0,1.0,,1718.0,Appartement,Bovenwoning,,Goed,Goed,,False,Geen tuin,,True,True,,C.V.-Ketel,C.V.-Ketel,False,,True,True,False,Geen garage,,C:\Users\meesv\Downloads\Selectie-10112025_1606 (4).rtf,52.3642072,4.8982671
"Molenbeekstraat 8 H, 1078 XC Amsterdam",Molenbeekstraat,8 H,1078XC,Amsterdam,786000.0,675000.0,,2025-05-21,2025-09-23,2025-09-15,20.0,71.0,3.0,2.0,1.0,,1931.0,Appartement,Benedenwoning,C,Goed,Goed,100.0,True,Achtertuin,29.0,False,False,,C.V.-Ketel,C.V.-Ketel,False,,True,True,False,Geen garage,,C:\Users\meesv\Downloads\Selectie-09112025_0825 (1).rtf,52.3441034,4.8944232
"Rozengracht 236 B, 1016 SZ Amsterdam",Rozengracht,236 B,1016SZ,Amsterdam,736500.0,675000.0,,2025-06-04,2025-07-21,2025-12-01,27.0,72.0,3.0,2.0,1.0,,1894.0,Appartement,Bovenwoning,C,Goed,Goed,179.0,False,Geen tuin,,True,True,,C.V.-Ketel,C.V.-Ketel,False,,True,True,False,Geen garage,,C:\Users\meesv\Downloads\Realworks bestanden\Selectie-22102025_1207.rtf,52.3721521,4.8749049
"Oude-IJselstraat 24 1, 1078 CN Amsterdam",Oude-IJselstraat,24 1,1078CN,Amsterdam,480000.0,485000.0,,2025-04-22,2025-07-01,2025-08-05,50.0,63.0,3.0,2.0,,,1923.0,Appartement,,C,Goed,Goed,163.0,False,Geen tuin,,True,False,,,,False,,True,True,False,Geen garage,,C:\Users\meesv\Downloads\Selectie-10112025_1510 (5).rtf,52.3481887,4.902142
"Jekerstraat 77 3, 1078 MB Amsterdam",Jekerstraat,77 3,1078MB,Amsterdam,738000.0,750000.0,,2024-11-25,2025-01-17,2025-04-01,30.0,78.0,3.0,2.0,1.0,,1927.0,Appartement,Bovenwoning,E,Uitstekend,Goed,161.44,False,Geen tuin,,True,True,,C.V.-Ketel,C.V.-Ketel,False,,True,True,False,Geen garage,,C:\Users\meesv\Downloads\Selectie-10112025_2103 (1).rtf,52.3454304,4.8958474
"Prinsengracht 801 2, 1017 KA Amsterdam",Prinsengracht,801 2,1017KA,Amsterdam,530000.0,530000.0,,2025-09-17,,,55.0,49.0,2.0,1.0,1.0,,1906.0,Appartement,Bovenwoning,D,Goed,Goed,,False,Geen tuin,,False,False,,C.V.-Ketel,,False,,True,True,False,Geen garage,,C:\Users\meesv\Downloads\Selectie-10112025_1552 (2).rtf,52.3630227,4.8880034
"Elandsgracht 66 H, 1016 TX Amsterdam",Elandsgracht,66 H,1016TX,Amsterdam,950000.0,900000.0,,2025-05-02,2025-07-17,2025-07-24,53.0,91.0,3.0,2.0,1.0,,1888.0,Appartement,Benedenwoning,B,Goed,Goed,,True,Patio,,False,False,,C.V.-Ketel,C.V.-Ketel,False,,True,True,False,Geen garage,,C:\Users\meesv\Downloads\Realworks bestanden\Selectie-22102025_1210.rtf,52.3699291,4.8810519
"Lijnbaansgracht 341 D, 1017 XA Amsterdam",Lijnbaansgracht,341 D,1017XA,Amsterdam,815000.0,790000.0,,2025-05-23,2025-08-22,2025-08-22,84.0,66.0,4.0,3.0,2.0,,1750.0,Appartement,Bovenwoning,C,Goed,Goed,,False,Geen tuin,,False,True,,C.V.-Ketel,C.V.-Ketel,False,,True,True,False,Geen garage,,C:\Users\meesv\Downloads\Realworks bestanden\Selectie-22102025_1221.rtf,52.3600966,4.8932033
"Keizersgracht 227 B, 1016 DV Amsterdam",Keizersgracht,227 B,1016DV,Amsterdam,1100000.0,1100000.0,,2025-06-02,,,268.0,100.0,4.0,2.0,2.0,2.0,1906.0,Appartement,Bovenwoning,,Goed,Goed,,False,Geen tuin,,False,False,,C.V.-Ketel,C.V.-Ketel,False,,True,True,False,Geen garage,,C:\Users\meesv\Downloads\Selectie-10112025_1552 (1).rtf,52.3725741,4.885282
"Eerste Laurierdwarsstraat 20, 1016 PZ Amsterdam",Eerste Laurierdwarsstraat,20,1016PZ,Amsterdam,525000.0,525000.0,,2025-03-28,2025-04-28,,32.0,52.0,,,,,1906.0,Woonhuis,,,,,,False,,,False,False,,,,False,,False,False,False,,,C:\Users\meesv\Downloads\Realworks bestanden\Selectie-22102025_1126.rtf,52.3720613,4.8809412
"Lijnbaansgracht 326 A, 1017 XA Amsterdam",Lijnbaansgracht,326 A,1017XA,Amsterdam,515000.0,500000.0,,2025-07-07,2025-07-30,2025-09-15,21.0,46.0,2.0,1.0,1.0,,1906.0,Appartement,,C,Goed,Goed,141.0,False,Geen tuin,,False,False,,C.V.-Ketel,C.V.-Ketel,False,,True,True,False,Geen garage,,C:\Users\meesv\Downloads\Realworks bestanden\Selectie-22102025_1221.rtf,52.3602184,4.8926226
"Elandsgracht 59 2V, 1016 TN Amsterdam",Elandsgracht,59 2V,1016TN,Amsterdam,390000.0,350000.0,,2025-05-29,2025-07-22,2025-07-22,21.0,33.0,1.0,1.0,,,2020.0,Appartement,Bovenwoning,A,Goed,Goed,94.0,False,Geen tuin,,False,True,,C.V.-Ketel,C.V.-Ketel,False,,True,True,False,Geen garage,,C:\Users\meesv\Downloads\Realworks bestanden\Selectie-22102025_1210.rtf,52.3693412,4.8803926
"Kerkstraat 371 1, 1017 HW Amsterdam",Kerkstraat,371 1,1017HW,Amsterdam,510000.0,399000.0,,2025-03-24,2025-06-02,2025-05-26,18.0,39.0,2.0,1.0,1.0,,1939.0,Appartement,Bovenwoning,A,Goed,Goed,,False,Geen tuin,,True,True,,C.V.-Ketel,C.V.-Ketel,False,,True,True,False,Geen garage,,C:\Users\meesv\Downloads\Selectie-10112025_1606.rtf,52.3628489,4.8980472
"Elandsstraat 38 F, 1016 SG Amsterdam",Elandsstraat,38 F,1016SG,Amsterdam,1100000.0,1100000.0,,2025-02-23,2025-04-23,2025-05-15,41.0,133.0,2.0,2.0,,,1856.0,Appartement,Bovenwoning,,Goed,Goed,,False,Geen tuin,,True,True,,C.V.-Ketel,C.V.-Ketel,False,,True,True,False,Geen garage,,C:\Users\meesv\Downloads\Selectie-09112025_1402 (2).rtf,52.3706783,4.8812066
"Elandsstraat 68 B, 1016 SG Amsterdam",Elandsstraat,68 B,1016SG,Amsterdam,760000.0,795000.0,,2023-12-14,2024-03-01,2024-02-29,49.0,97.0,6.0,2.0,2.0,2.0,1725.0,Appartement,Bovenwoning,,Goed,Goed,130.0,False,Geen tuin,,False,False,,,,False,,True,True,False,Geen garage,,C:\Users\meesv\Downloads\Selectie-09112025_1402 (2).rtf,52.3704774,4.8804601
"Prinsengracht 170 3, 1016 HA Amsterdam",Prinsengracht,170 3,1016HA,Amsterdam,700000.0,700000.0,,2025-09-25,,,47.0,66.0,2.0,1.0,1.0,2.0,1910.0,Appartement,Bovenwoning,D,Goed,Goed,150.0,False,Geen tuin,,True,True,,C.V.-Ketel,C.V.-Ketel,False,,True,True,False,Geen garage,,C:\Users\meesv\Downloads\Selectie-10112025_1552 (2).rtf,52.3745855,4.8827478
"Prinsengracht 151 E, 1015 DR Amsterdam",Prinsengracht,151 E,1015DR,Amsterdam,1200000.0,1200000.0,,2025-09-05,,,178.0,94.0,3.0,2.0,2.0,,1980.0,Appartement,,C,Uitstekend,Uitstekend,286.27,True,Achtertuin,,True,True,,C.V.-Ketel,C.V.-Ketel,False,,True,True,False,Geen garage,,C:\Users\meesv\Downloads\Selectie-10112025_1552 (2).rtf,52.3783241,4.8869205
"Lijnbaansgracht 293, 1017 RM Amsterdam",Lijnbaansgracht,293,1017RM,Amsterdam,1285000.0,1245000.0,,2025-06-26,2025-09-30,2025-09-30,36.0,146.0,4.0,2.0,1.0,,1725.0,Woonhuis,,,Goed,Goed,,True,Achtertuin,,False,True,,C.V.-Ketel,C.V.-Ketel,False,,True,True,False,Geen garage,,C:\Users\meesv\Downloads\Realworks bestanden\Selectie-22102025_1221.rtf,52.3613596,4.8879339
"Prinsengracht 102, 1015 EA Amsterdam",Prinsengracht,102,1015EA,Amsterdam,1100000.0,1100000.0,,2025-09-24,,,48.0,119.0,6.0,4.0,2.0,2.0,1630.0,Woonhuis,,,Goed,Goed,,False,,,False,True,,C.V.-Ketel,C.V.-Ketel,False,,True,True,False,Geen garage,,C:\Users\meesv\Downloads\Selectie-10112025_1552 (2).rtf,52.3769579,4.8847771
"Prinsengracht 382 2, 1016 JA Amsterdam",Prinsengracht,382 2,1016JA,Amsterdam,600000.0,600000.0,,2025-11-06,,,34.0,51.0,3.0,2.0,1.0,,1933.0,Appartement,Bovenwoning,,Uitstekend,Goed,150.0,False,Geen tuin,,True,True,,C.V.-Ketel,C.V.-Ketel,False,,True,True,False,Geen garage,,C:\Users\meesv\Downloads\Selectie-10112025_1552 (2).rtf,52.3671767,4.8820833
"Passeerdersstraat 1 1, 1016 XB Amsterdam",Passeerdersstraat,1 1,1016XB,Amsterdam,640000.0,625000.0,,2024-05-12,2024-07-13,2024-08-22,33.0,63.0,4.0,3.0,2.0,2.0,1883.0,Woonhuis,,,Goed,Goed,,False,Geen tuin,,False,False,,C.V.-Ketel,C.V.-Ketel,False,,True,True,False,Geen garage,,C:\Users\meesv\Downloads\Selectie-09112025_1402 (3).rtf,52.3679135,4.8820164
"Elandsstraat 68 A, 1016 SG Amsterdam",Elandsstraat,68 A,1016SG,Amsterdam,590000.0,600000.0,,2024-08-27,2024-11-10,2024-12-06,66.0,78.0,3.0,2.0,1.0,,1725.0,Appartement,,,Goed,Goed,130.22,True,Patio,,False,True,,C.V.-Ketel,C.V.-Ketel,False,,True,True,False,Geen garage,,C:\Users\meesv\Downloads\Selectie-09112025_1402 (2).rtf,52.3704684,4.8804748
"Lauriergracht 138 1, 1016 RT Amsterdam",Lauriergracht,138 1,1016RT,Amsterdam,1500000.0,1495000.0,,2025-03-13,2025-06-11,2025-06-10,23.0,222.0,7.0,5.0,2.0,,1750.0,Appartement,Bovenwoning,B,Redelijk,Redelijk,,False,Geen tuin,,True,True,,C.V.-Ketel,C.V.-Ketel,False,,True,True,False,Geen garage,,C:\Users\meesv\Downloads\Realworks bestanden\Selectie-22102025_1218.rtf,52.370881,4.8781648
"Frederiksplein 26 H, 1017 XN Amsterdam",Frederiksplein,26 H,1017XN,Amsterdam,1080000.0,1100000.0,,2025-01-29,2025-05-06,2025-06-18,90.0,135.0,3.0,2.0,1.0,,1883.0,Appartement,Bovenwoning,B,Goed,Goed,216.0,False,,,False,True,,C.V.-Ketel,C.V.-Ketel,False,,True,True,False,Geen garage,,C:\Users\meesv\Downloads\Selectie-10112025_1606 (3).rtf,52.3608457,4.8980976
"Deurloostraat 33 1, 1078 HS Amsterdam",Deurloostraat,33 1,1078HS,Amsterdam,873333.0,750000.0,,2025-09-23,2025-10-24,2026-01-28,28.0,80.0,3.0,2.0,1.0,,1929.0,Appartement,Portiek,C,Uitstekend,Goed,,False,Geen tuin,,True,True,,C.V.-Ketel,C.V.-Ketel,False,,True,True,False,Geen garage,,C:\Users\meesv\Downloads\Selectie-10112025_2049 (1).rtf,52.3461444,4.8924637
"Reggestraat 65, 1078 CX Amsterdam",Reggestraat,65,1078CX,Amsterdam,545000.0,500000.0,,2024-11-22,2025-01-24,2025-01-24,50.0,68.0,3.0,2.0,1.0,,1925.0,Appartement,Bovenwoning,C,Goed,Goed,112.95,False,Geen tuin,,False,False,,C.V.-Ketel,C.V.-Ketel,False,,True,True,False,Geen garage,,C:\Users\meesv\Downloads\Selectie-09112025_0826 (1).rtf,52.3469567,4.9019647
"Rozengracht 42 A, 1016 ND Amsterdam",Rozengracht,42 A,1016ND,Amsterdam,550000.0,595000.0,,2025-03-31,2025-07-14,2025-06-27,65.0,72.0,2.0,1.0,1.0,,1899.0,Appartement,Bovenwoning,D,Goed,Goed,,False,Geen tuin,,True,True,,C.V.-Ketel,C.V.-Ketel,False,,True,True,False,Geen garage,,C:\Users\meesv\Downloads\Realworks bestanden\Selectie-22102025_1207.rtf,52.3737161,4.8811867
"Keizersgracht 700, 1017 EV Amsterdam",Keizersgracht,700,1017EV,Amsterdam,2300000.0,2300000.0,,2025-10-03,,,39.0,200.0,4.0,2.0,2.0,2.0,1906.0,Appartement,,,Goed,Goed,428.0,False,Geen tuin,,False,False,,C.V.-Ketel,C.V.-Ketel,False,,True,True,False,Geen garage,,C:\Users\meesv\Downloads\Selectie-10112025_1552 (1).rtf,52.3632584,4.8949449
"Jekerstraat 62 3, 1078 ME Amsterdam",Jekerstraat,62 3,1078ME,Amsterdam,1050000.0,935000.0,,2025-03-13,2025-06-05,2025-06-05,29.0,117.0,6.0,4.0,1.0,,1929.0,Appartement,Bovenwoning,D,Goed,Goed,,False,Geen tuin,,True,True,,C.V.-Ketel,C.V.-Ketel,False,,True,True,False,Geen garage,,C:\Users\meesv\Downloads\Selectie-10112025_2103 (1).rtf,52.3461656,4.8975115
"Prinsengracht 526 3, 1017 KJ Amsterdam",Prinsengracht,526 3,1017KJ,Amsterdam,1350000.0,1350000.0,,2025-02-20,,,264.0,153.0,4.0,2.0,1.0,,1895.0,Appartement,Bovenwoning,,Goed,Goed,311.0,False,,,True,True,,C.V.-Ketel,C.V.-Ketel,False,,True,True,False,Geen garage,,C:\Users\meesv\Downloads\Selectie-10112025_1552 (2).rtf,52.3633844,4.8864282
"Eerste Tuindwarsstraat 5, 1015 RT Amsterdam",Eerste Tuindwarsstraat,5,1015RT,Amsterdam,525000.0,525000.0,,2024-10-31,2024-11-29,,30.0,58.0,3.0,1.0,1.0,,1981.0,Appartement,Benedenwoning,B,Goed,Goed,200.0,False,Geen tuin,,False,False,,C.V.-Ketel,C.V.-Ketel,False,,True,True,False,Geen garage,,C:\Users\meesv\Downloads\Selectie-18102025_1511 (1).rtf,52.3776996,4.8837553
"Lauriergracht 123 4, 1016 RK Amsterdam",Lauriergracht,123 4,1016RK,Amsterdam,1345000.0,1400000.0,,2025-05-26,2025-08-27,2025-08-27,73.0,188.0,5.0,4.0,3.0,2.0,1915.0,Appartement,Bovenwoning,,Goed,Goed,,False,Geen tuin,,False,False,,C.V.-Ketel,C.V.-Ketel,False,,True,True,False,Geen garage,,C:\Users\meesv\Downloads\Realworks bestanden\Selectie-22102025_1218.rtf,52.3704203,4.8777299
"Deurloostraat 111 H, 1078 HW Amsterdam",Deurloostraat,111 H,1078HW,Amsterdam,1025000.0,995000.0,,2025-08-28,2025-10-21,2025-10-31,34.0,85.0,3.0,2.0,1.0,,1929.0,Appartement,Benedenwoning,D,Goed,Goed,188.02,True,Achtertuin,60.0,False,False,,C.V.-Ketel,C.V.-Ketel,False,,True,True,False,Geen garage,,C:\Users\meesv\Downloads\Selectie-10112025_2049 (1).rtf,52.34635,4.8879272
"Rozengracht 70 C, 1016 NE Amsterdam",Rozengracht,70 C,1016NE,Amsterdam,285000.0,285000.0,,2025-06-24,,,121.0,28.0,1.0,,1.0,,1976.0,Appartement,,C,Goed,Goed,174.15,False,Geen tuin,,False,False,,C.V.-Ketel,C.V.-Ketel,False,,True,True,False,Geen garage,,C:\Users\meesv\Downloads\Realworks bestanden\Selectie-22102025_1207.rtf,52.3735059,4.8803814
"Keizersgracht 227 A, 1016 DV Amsterdam",Keizersgracht,227 A,1016DV,Amsterdam,1500000.0,1500000.0,,2025-09-01,,,158.0,149.0,7.0,3.0,2.0,,1700.0,Appartement,Benedenwoning,,Goed,Goed,,False,Geen tuin,,False,False,,,,False,,True,True,False,Geen garage,,C:\Users\meesv\Downloads\Selectie-10112025_1552 (1).rtf,52.3725741,4.8852966
"Keizersgracht 130 A, 1015 CW Amsterdam",Keizersgracht,130 A,1015CW,Amsterdam,985000.0,985000.0,,2025-09-17,,,55.0,117.0,3.0,2.0,2.0,,1755.0,Appartement,Benedenwoning,C,Uitstekend,Uitstekend,252.0,False,Geen tuin,,False,False,,,,False,,True,True,False,Geen garage,,C:\Users\meesv\Downloads\Selectie-10112025_1552 (1).rtf,52.3766694,4.8866748
"Keizersgracht 108 A, 1015 CV Amsterdam",Keizersgracht,108 A,1015CV,Amsterdam,1600000.0,1600000.0,,2025-09-08,,,135.0,174.0,7.0,3.0,2.0,2.0,1738.0,Appartement,Bovenwoning,,Goed,Goed,335.28,True,Patio,,False,True,,C.V.-Ketel,C.V.-Ketel,False,,True,True,False,Geen garage,,C:\Users\meesv\Downloads\Selectie-10112025_1552 (1).rtf,52.3772198,4.8871973
"Lijnbaansgracht 320 3, 1017 WZ Amsterdam",Lijnbaansgracht,320 3,1017WZ,Amsterdam,651000.0,575000.0,,2024-11-08,2025-01-31,2025-01-31,27.0,72.0,3.0,2.0,1.0,,1882.0,Appartement,Bovenwoning,G,Redelijk,Goed,200.0,False,Geen tuin,,False,True,,elektrisch,Elektrisch,False,,True,True,False,Geen garage,,C:\Users\meesv\Downloads\Realworks bestanden\Selectie-22102025_1221.rtf,52.360138,4.892308
"Biesboschstraat 56 3, 1078 MX Amsterdam",Biesboschstraat,56 3,1078MX,Amsterdam,760000.0,715000.0,,2025-07-17,2025-11-04,2025-10-24,28.0,75.0,3.0,2.0,1.0,,1929.0,Appartement,Bovenwoning,C,Goed,Goed,128.0,False,Geen tuin,,True,True,,C.V.-Ketel,C.V.-Ketel,False,,True,True,False,Geen garage,,C:\Users\meesv\Downloads\Selectie-10112025_1511.rtf,52.3452271,4.8967008
"Oude-IJselstraat 24 1, 1078 CN Amsterdam ",Oude-IJselstraat,24 1,1078CN,Amsterdam,480000.0,485000.0,,2025-04-18,2025-07-04,2025-07-16,54.0,63.0,3.0,2.0,1.0,,1923.0,Appartement,Bovenwoning,C,Redelijk,Redelijk,,False,Geen tuin,,True,True,,C.V.-Ketel,C.V.-Ketel,False,,True,True,False,Geen garage,,C:\Users\meesv\Downloads\Selectie-10112025_1510 (5).rtf,52.3481887,4.902142
"Elandsgracht 41 1, 1016 TN Amsterdam",Elandsgracht,41 1,1016TN,Amsterdam,1400000.0,995000.0,,2025-08-26,2025-09-26,2025-09-26,28.0,212.0,14.0,7.0,5.0,5.0,1916.0,Woonhuis,,G,Redelijk,Redelijk,,False,Geen tuin,,True,True,,C.V.-Ketel,C.V.-Ketel,False,,True,True,False,Geen garage,,C:\Users\meesv\Downloads\Realworks bestanden\Selectie-22102025_1210.rtf,52.3695721,4.8810431
"Herengracht 268 2V, 1016 BW Amsterdam",Herengracht,268 2V,1016BW,Amsterdam,1300000.0,1300000.0,,2025-09-25,,,141.0,144.0,3.0,2.0,1.0,,1906.0,Appartement,Bovenwoning,,Uitstekend,Uitstekend,382.82,True,Achtertuin,540.0,False,False,,,,False,,True,True,False,Geen garage,,C:\Users\meesv\Downloads\Selectie-10112025_1552 (3).rtf,52.3712584,4.8865738
"Keizersgracht 87 E, 1015 CG Amsterdam",Keizersgracht,87 E,1015CG,Amsterdam,825000.0,825000.0,,2025-06-05,,,159.0,75.0,2.0,1.0,1.0,,1870.0,Appartement,Bovenwoning,,Goed,Goed,204.55,False,Geen tuin,,False,False,,C.V.-Ketel,C.V.-Ketel,False,,True,True,False,Geen garage,,C:\Users\meesv\Downloads\Selectie-10112025_1552 (1).rtf,52.3777197,4.888573
"Lijnbaansgracht 369 F, 1017 XB Amsterdam",Lijnbaansgracht,369 F,1017XB,Amsterdam,1450000.0,1380000.0,,2025-01-06,2025-03-24,2025-04-07,33.0,162.0,4.0,3.0,1.0,,2006.0,Appartement,,A+,Goed,Goed,235.26,False,Geen tuin,,False,False,,C.V.-Ketel,C.V.-Ketel,False,,True,True,False,,,C:\Users\meesv\Downloads\Realworks bestanden\Selectie-22102025_1221.rtf,52.3600748,4.8944664
"Schipbeekstraat 19 2, 1078 BK Amsterdam",Schipbeekstraat,19 2,1078BK,Amsterdam,518500.0,495000.0,,2025-07-04,2025-09-04,2025-09-04,63.0,64.0,2.0,1.0,,,1924.0,Appartement,,C,Goed,Goed,47.25,False,Geen tuin,,True,True,,C.V.-Ketel,C.V.-Ketel,False,,True,True,False,Geen garage,,C:\Users\meesv\Downloads\Selectie-09112025_0825.rtf,52.3472195,4.8981169
"Prinsengracht 301 C, 1016 GX Amsterdam",Prinsengracht,301 C,1016GX,Amsterdam,1195000.0,1195000.0,,2025-06-02,,,162.0,122.0,4.0,3.0,1.0,,1720.0,Appartement,Benedenwoning,,Goed,Goed,322.0,True,Achtertuin,60.0,False,False,,C.V.-Ketel,C.V.-Ketel,False,,True,True,False,Geen garage,,C:\Users\meesv\Downloads\Selectie-10112025_1552 (2).rtf,52.3734199,4.8833927
"Laurierstraat 99 2, 1016 PK Amsterdam",Laurierstraat,99 2,1016PK,Amsterdam,510000.0,500000.0,,2024-12-09,2025-03-13,2025-02-13,52.0,58.0,4.0,2.0,2.0,2.0,1822.0,Appartement,,C,Goed,Goed,145.0,False,Geen tuin,,False,False,,C.V.-Ketel,C.V.-Ketel,False,,True,True,False,Geen garage,,C:\Users\meesv\Downloads\Selectie-09112025_1403.rtf,52.3717368,4.8793856
"Keizersgracht 159 3, 1016 DP Amsterdam",Keizersgracht,159 3,1016DP,Amsterdam,475000.0,475000.0,,2025-09-08,,,64.0,39.0,2.0,1.0,1.0,,1935.0,Appartement,Bovenwoning,,Goed,Goed,90.0,False,Geen tuin,,False,False,,C.V.-Ketel,C.V.-Ketel,False,,True,True,False,Geen garage,,C:\Users\meesv\Downloads\Selectie-10112025_1552 (1).rtf,52.3751035,4.8861784
"Geleenstraat 46 2, 1078 LG Amsterdam",Geleenstraat,46 2,1078LG,Amsterdam,868000.0,895000.0,,2025-08-19,2025-09-20,2026-01-07,24.0,113.0,4.0,3.0,1.0,,1944.0,Appartement,Bovenwoning,,Matig,Redelijk,179.47,False,Geen tuin,,True,True,,C.V.-Ketel,,False,,True,True,False,Geen garage,,C:\Users\meesv\Downloads\Selectie-10112025_2051 (1).rtf,52.3442928,4.8923816
"Lijnbaansgracht 69 A2, 1015 GW Amsterdam",Lijnbaansgracht,69 A2,1015GW,Amsterdam,453000.0,425000.0,,2025-04-24,2025-07-11,2025-07-11,45.0,42.0,2.0,1.0,1.0,,1938.0,Appartement,Bovenwoning,C,Goed,Goed,61.0,False,Geen tuin,,True,True,,C.V.-Ketel,C.V.-Ketel,False,,True,True,False,Geen garage,,C:\Users\meesv\Downloads\Realworks bestanden\Selectie-22102025_1221.rtf,52.3770322,4.8789901
"Biesboschstraat 89 3, 1078 MR Amsterdam",Biesboschstraat,89 3,1078MR,Amsterdam,835000.0,800000.0,,2025-04-03,2025-06-18,2025-06-18,21.0,100.0,5.0,2.0,2.0,,1930.0,Appartement,Bovenwoning,D,Goed,Goed,,False,Geen tuin,,True,True,,C.V.-Ketel,C.V.-Ketel,False,,True,True,False,Geen garage,,C:\Users\meesv\Downloads\Selectie-10112025_1511.rtf,52.3448288,4.8959128
